startup_id,name,url,incubator
44,"Baydin",https://angel.co/baydin,techstars
112,"Graphicly",https://angel.co/graphicly,500startups
119,"Appstores",https://angel.co/appstores,500startups
130,"eVenues",https://angel.co/evenues,500startups
160,"Wowzer",https://angel.co/wowzer-1,500startups
194,"BackType",https://angel.co/backtype,y-combinator
209,"Stormpulse",https://angel.co/stormpulse,500startups
238,"Curios.me",https://angel.co/curios-me,500startups
312,"StyleSeat",https://angel.co/styleseat,500startups
349,"mygola.com",https://angel.co/mygola-com,500startups
537,"StepOut",https://angel.co/stepout,techstars
630,"Miso Media",https://angel.co/miso-media,500startups
674,"Gengo",https://angel.co/gengo-1,500startups
684,"Leftronic",https://angel.co/leftronic,y-combinator
695,"72Lux",https://angel.co/72lux,500startups
720,"CardMunch",https://angel.co/cardmunch,500startups
787,"BoostCTR",https://angel.co/boostctr,500startups
813,"Humanoid (Acquired by CloudFactory)",https://angel.co/humanoid-acquired-by-cloudfactory,500startups
815,"StartupDigest",https://angel.co/startupdigest,500startups
817,"TeliportMe",https://angel.co/teliportme,500startups
820,"Breakthrough.com",https://angel.co/breakthrough-com,startx
826,"DailyWorth",https://angel.co/dailyworth,500startups
859,"Relevvant",https://angel.co/relevvant,500startups
915,"FeeFighters",https://angel.co/feefighters,500startups
917,"InternMatch",https://angel.co/internmatch-2,500startups
979,"ScriptPad",https://angel.co/scriptpad,techstars
1003,"Crowdbooster",https://angel.co/crowdbooster,y-combinator
1023,"MindSnacks",https://angel.co/mindsnacks,500startups
1074,"AllTrails",https://angel.co/alltrails,AngelPad
1124,"500 Startups",https://angel.co/500startups,500startups
1241,"Vastrm",https://angel.co/vastrm,y-combinator
1242,"AwayFind",https://angel.co/awayfind,500startups
1248,"Bluefields",https://angel.co/bluefields,500startups
1249,"Forrst",https://angel.co/forrst,500startups
1266,"Influitive",https://angel.co/influitive,500startups
1347,"Listia",https://angel.co/listia,y-combinator
1410,"GinzaMetrics",https://angel.co/ginzametrics,y-combinator
1464,"Yobble",https://angel.co/yobble,AngelPad
1484,"9Slides",https://angel.co/9slides,500startups
1541,"Highlighter",https://angel.co/highlighter,techstars
1566,"Psykosoft",https://angel.co/psykosoft,techstars
1639,"BizeeBee",https://angel.co/bizeebee,500startups
1675,"Evo",https://angel.co/evo,500startups
1680,"Punchd",https://angel.co/punchd,500startups
1682,"Iconfinder ",https://angel.co/iconfinder,500startups
1693,"GoodPeople",https://angel.co/goodpeople,500startups
1748,"FullContact",https://angel.co/fullcontact,techstars
1790,"Quartzy",https://angel.co/quartzy,y-combinator
1796,"eSpark Learning",https://angel.co/espark-learning,500startups
1812,"Proven",https://angel.co/proven,500startups
1856,"Zagster",https://angel.co/zagster,techstars
1997,"Social Stork",https://angel.co/social-stork,500startups
2032,"Creative Market",https://angel.co/creative-market,y-combinator
2106,"Contently",https://angel.co/contently,techstars
2197,"Vayable",https://angel.co/vayable,y-combinator
2269,"Pick1",https://angel.co/pick1,500startups
2276,"Hipster",https://angel.co/hipster,techstars
2484,"Tip or Skip",https://angel.co/tip-or-skip,500startups
2489,"Rapportive",https://angel.co/rapportive,y-combinator
2500,"Bloodhound",https://angel.co/bloodhound,500startups
2506,"Binpress",https://angel.co/binpress,500startups
2556,"FastCall",https://angel.co/fastcall,500startups
2744,"Motion Math",https://angel.co/motion-math,500startups
2752,"Fileboard",https://angel.co/fileboard,500startups
2787,"Privy",https://angel.co/privy,500startups
2831,"Simple Energy",https://angel.co/simple-energy,techstars
2854,"Manpacks",https://angel.co/manpacks,500startups
2917,"LaunchRock",https://angel.co/launchrock,500startups
3033,"Chromatik",https://angel.co/chromatik,500startups
3204,"Toshl Finance",https://angel.co/toshl-finance,500startups
3295,"DISQUS",https://angel.co/disqus,y-combinator
3296,"Kibin",https://angel.co/kibin,500startups
3336,"Craft Coffee",https://angel.co/craftcoffee,500startups
3463,"MogoTix",https://angel.co/mogotix,500startups
3473,"drchrono",https://angel.co/drchrono,y-combinator
3494,"Nexercise",https://angel.co/nexercise,techstars
3502,"Tout",https://angel.co/tout,500startups
3678,"500friends",https://angel.co/500friends,y-combinator
3733,"Wishery",https://angel.co/wishery,AngelPad
4041,"Chute",https://angel.co/chute,y-combinator
4064,"PicCollage",https://angel.co/piccollage,500startups
4081,"BugHerd",https://angel.co/bugherd,500startups
4312,"The IdeaLists",https://angel.co/the-idealists,500startups
4374,"Zerply",https://angel.co/zerply,500startups
4776,"Groupiter",https://angel.co/groupiter,500startups
4876,"HiGear",https://angel.co/higear-1,500startups
5580,"LessThan3",https://angel.co/lessthan3,startx
5599,"drumbi",https://angel.co/drumbi,500startups
5980,"PostRocket",https://angel.co/postrocket,500startups
6028,"Kicksend",https://angel.co/kicksend,y-combinator
6328,"LocBox",https://angel.co/locbox,500startups
6398,"RollSale",https://angel.co/rollsale,techstars
6422,"Crittercism",https://angel.co/crittercism,AngelPad
6427,"Kismet",https://angel.co/kismet,AngelPad
6446,"DailyCred",https://angel.co/dailycred,AngelPad
6468,"Welcu",https://angel.co/welcu,500startups
6592,"Wattvision",https://angel.co/wattvision,y-combinator
6618,"Mocavo",https://angel.co/mocavo,techstars
6657,"Days by Wander",https://angel.co/days-by-wander,techstars
6662,"Splash",https://angel.co/splash,AngelPad
6702,"AngelList",https://angel.co/angellist,500startups
7332,"tapviva",https://angel.co/tapviva,AngelPad
7601,"Torbit (acquired by WalmartLabs)",https://angel.co/torbit-acquired-by-walmartlabs,500startups
9434,"Teamly",https://angel.co/teamly,500startups
9580,"NetPlenish",https://angel.co/netplenish,500startups
9921,"SimpleReach ",https://angel.co/simplereach,AngelPad
10275,"imgix",https://angel.co/imgix,y-combinator
10310,"Gizmo",https://angel.co/gizmo,500startups
10855,"Vungle",https://angel.co/vungle,AngelPad
10908,"GroupTalent",https://angel.co/grouptalent,techstars
11369,"Scaffold",https://angel.co/scaffold,500startups
11888,"Cloudability",https://angel.co/cloudability,techstars
12106,"Ambassador ",https://angel.co/ambassador,techstars
12271,"Saygent",https://angel.co/saygent,500startups
12387,"Postmates",https://angel.co/postmates,AngelPad
12694,"Wednesdays",https://angel.co/wednesdays,500startups
12826,"iDoneThis",https://angel.co/idonethis,AngelPad
12882,"Sidewalk",https://angel.co/sidewalk,500startups
13076,"Rewardli",https://angel.co/rewardli,500startups
13090,"Spoondate",https://angel.co/spoondate,500startups
13097,"Symphony",https://angel.co/symphony-3,500startups
13152,"Visually",https://angel.co/visually,500startups
13274,"Firebase",https://angel.co/firebase,y-combinator
13309,"Conductrics",https://angel.co/conductrics,techstars
13320,"SourceNinja",https://angel.co/sourceninja,AngelPad
13844,"PlayVox",https://angel.co/playvox-1,alchemist-accelerator
13949,"MinoMonsters",https://angel.co/minomonsters,y-combinator
14239,"Mixpanel",https://angel.co/mixpanel,y-combinator
14263,"Expresso",https://angel.co/expresso,y-combinator
14700,"Artsicle",https://angel.co/artsicle,500startups
15077,"SocialWire",https://angel.co/socialwire,500startups
15481,"OwnLocal",https://angel.co/ownlocal,y-combinator
15762,"WillCall",https://angel.co/willcall,500startups
16385,"Convore",https://angel.co/convore,y-combinator
16683,"YourMechanic",https://angel.co/yourmechanic,y-combinator
16828,"Farmeron",https://angel.co/farmeron,500startups
16970,"LawGives",https://angel.co/lawgives,startx
17068,"Heyzap",https://angel.co/heyzap,y-combinator
17609,"Intercom",https://angel.co/intercom,500startups
17973,"Spill",https://angel.co/spill,techstars
18138,"MobileDevHQ",https://angel.co/mobiledevhq,techstars
18275,"Life360",https://angel.co/life360,500startups
18618,"Ribbon",https://angel.co/ribbon,AngelPad
18863,"Pipedrive",https://angel.co/pipedrive,AngelPad
18869,"LocalOn",https://angel.co/localon,y-combinator
18918,"Relevant",https://angel.co/relevant,500startups
18937,"Fitocracy",https://angel.co/fitocracy,500startups
18966,"Fetchnotes",https://angel.co/fetchnotes,techstars
19037,"Deep Fried Manna",https://angel.co/deep-fried-manna,500startups
19119,"ActivityHero",https://angel.co/activityhero,500startups
19136,"Appswell",https://angel.co/appswell,techstars
19146,"WakeMate",https://angel.co/wakemate,y-combinator
19149,"Divvyshot",https://angel.co/divvyshot,y-combinator
19150,"OtherInbox",https://angel.co/otherinbox,500startups
19153,"Foodspotting (Part of OpenTable)",https://angel.co/foodspotting-part-of-opentable,500startups
19154,"Estately",https://angel.co/estately,500startups
19159,"Recurly",https://angel.co/recurly,500startups
19168,"Udemy",https://angel.co/udemy,500startups
19184,"Network",https://angel.co/network,500startups
19185,"UsingMiles",https://angel.co/usingmiles,techstars
19194,"Hunie",https://angel.co/hunie,500startups
19239,"Buyou",https://angel.co/buyou,AngelPad
19331,"LaunchBit",https://angel.co/launchbit,500startups
19338,"ShopWell (IDEO Spin-Out)",https://angel.co/shopwell-ideo-spin-out,startx
19374,"MentorMob",https://angel.co/mentormob,techstars
19384,"Votizen",https://angel.co/votizen,500startups
19401,"RoundPegg",https://angel.co/roundpegg,techstars
19435,"FastCustomer",https://angel.co/fastcustomer,500startups
19563,"9GAG",https://angel.co/9gag,y-combinator
19612,"Habit Labs",https://angel.co/habit-labs,y-combinator
19671,"Chartio",https://angel.co/chartio,y-combinator
19672,"Cognection",https://angel.co/cognection,dreamit-ventures
19755,"The RealReal",https://angel.co/the-realreal,500startups
19899,"WeddingLovely",https://angel.co/weddinglovely,500startups
19928,"42Floors",https://angel.co/42floors,y-combinator
19935,"Xola",https://angel.co/xola,startx
19982,"Ark",https://angel.co/ark,y-combinator
20011,"Libboo",https://angel.co/libboo,techstars
20026,"Hipset",https://angel.co/hipset,y-combinator
20249,"LookAcross",https://angel.co/lookacross,500startups
20331,"Amicus",https://angel.co/amicus,y-combinator
20332,"MediaSpike",https://angel.co/mediaspike,500startups
20336,"Mile High Organics",https://angel.co/mile-high-organics,500startups
20520,"Culture Kitchen",https://angel.co/culture-kitchen,500startups
20524,"Bia",https://angel.co/bia,500startups
20637,"Open Air Publishing",https://angel.co/open-air-publishing,500startups
20715,"Coderbuddy",https://angel.co/coderbuddy,500startups
20788,"oneforty",https://angel.co/oneforty,techstars
20898,"Loku",https://angel.co/loku,500startups
20917,"Promoboxx",https://angel.co/promoboxx,techstars
20944,"Tinfoil Security",https://angel.co/tinfoil-security,500startups
21031,"Chalkable",https://angel.co/chalkable,500startups
21042,"SendHub",https://angel.co/sendhub,y-combinator
21047,"Console.fm",https://angel.co/console-fm,500startups
21048,"Curebit",https://angel.co/curebit,500startups
21073,"Apptentive",https://angel.co/apptentive,techstars
21199,"Classtivity",https://angel.co/classtivity,techstars
21211,"MightBuy",https://angel.co/mightbuy,AngelPad
21214,"Babelverse",https://angel.co/babelverse,500startups
21272,"ShowMe",https://angel.co/showme,dreamit-ventures
21301,"Appstack",https://angel.co/appstack,500startups
21312,"Cake Health",https://angel.co/cake-health,500startups
21517,"Ginger.io",https://angel.co/ginger-io,techstars
21584,"EveryMove",https://angel.co/everymove,techstars
21594,"Shopsy",https://angel.co/shopsy,techstars
21604,"Buffer",https://angel.co/buffer,AngelPad
21618,"SpotRight",https://angel.co/spotright,techstars
21770,"Cadee",https://angel.co/cadee,500startups
21778,"Geekatoo",https://angel.co/geekatoo,500startups
21821,"MeMeTales",https://angel.co/memetales,500startups
21834,"Bunndle",https://angel.co/bunndle,500startups
21877,"From.Us",https://angel.co/from-us,500startups
21891,"AppGrooves",https://angel.co/appgrooves,500startups
21896,"Glider",https://angel.co/glider,y-combinator
21969,"Senexx",https://angel.co/senexx,techstars
22038,"Rentlord",https://angel.co/rentlord,500startups
22246,"Everpix",https://angel.co/everpix,500startups
22249,"Flextrip",https://angel.co/flextrip,techstars
22287,"Crowdtilt",https://angel.co/crowdtilt,y-combinator
22320,"LVL6",https://angel.co/lvl6,y-combinator
22458,"HighScore House",https://angel.co/highscore-house,500startups
22663,"GazeHawk",https://angel.co/gazehawk,y-combinator
22679,"Stereotypes",https://angel.co/stereotypes,dreamit-ventures
22776,"Unbounce",https://angel.co/unbounce,500startups
22799,"PayByGroup",https://angel.co/paybygroup,500startups
22937,"Lua ",https://angel.co/lua-1,techstars
22940,"Chorus",https://angel.co/chorus,500startups
23064,"Picplum",https://angel.co/picplum,500startups
23102,"Keen IO",https://angel.co/keen-io,techstars
23140,"Stupeflix",https://angel.co/stupeflix,500startups
23157,"simplehoney",https://angel.co/simplehoney,500startups
23205,"Empreware",https://angel.co/empreware,500startups
23227,"Jebbit",https://angel.co/jebbit,techstars
23238,"Eventup",https://angel.co/eventup,500startups
23290,"Mortar Data",https://angel.co/mortar-data,techstars
23418,"TouristEye",https://angel.co/touristeye,500startups
23427,"TurnStar",https://angel.co/turnstar,500startups
23479,"GoVoluntr",https://angel.co/govoluntr,500startups
23577,"CompStak",https://angel.co/compstak,500startups
23761,"Waygo",https://angel.co/waygo,500startups
23792,"EverTrue",https://angel.co/evertrue,techstars
23877,"Spinnakr",https://angel.co/spinnakr,500startups
23914,"Triptrotting",https://angel.co/triptrotting,500startups
23967,"viaCycle",https://angel.co/viacycle,y-combinator
24067,"Distil Networks",https://angel.co/distil-networks,techstars
24069,"Bench",https://angel.co/bench,techstars
24153,"GoSpotCheck",https://angel.co/gospotcheck,500startups
24196,"Ridejoy",https://angel.co/ridejoy,y-combinator
24232,"Hall",https://angel.co/hall,AngelPad
24366,"Chasm.io",https://angel.co/chasm-io,AngelPad
24398,"Issue",https://angel.co/issue,AngelPad
24412,"Tailored",https://angel.co/tailored,500startups
24416,"Vidmaker",https://angel.co/vidmaker,techstars
24432,"Marquee",https://angel.co/marquee,techstars
24442,"JyMob",https://angel.co/jymob,alchemist-accelerator
24469,"Tiny Post",https://angel.co/tiny-post,500startups
24491,"LinkCycle",https://angel.co/linkcycle,techstars
24507,"Codeship",https://angel.co/codeship,techstars
24541,"PageLever",https://angel.co/pagelever,y-combinator
24583,"Rapt Media",https://angel.co/rapt-media-1,techstars
24587,"Roobiq",https://angel.co/roobiq,AngelPad
24678,"MoPub",https://angel.co/mopub,AngelPad
24738,"Bespoke Post",https://angel.co/bespoke-post,500startups
24856,"GymPact",https://angel.co/gympact,techstars
24944,"ElasticBox",https://angel.co/elasticbox,AngelPad
24963,"SalesLoft",https://angel.co/salesloft,techstars
25024,"FaithStreet",https://angel.co/faithstreet,techstars
25025,"Talkdesk",https://angel.co/talkdesk,500startups
25065,"Retailigence",https://angel.co/retailigence,500startups
25092,"DataRank",https://angel.co/datarank,y-combinator
25189,"Safe Shepherd",https://angel.co/safe-shepherd,500startups
25293,"Authy",https://angel.co/authy,y-combinator
25294,"CoachUp",https://angel.co/coachup,techstars
25306,"Dashbell ",https://angel.co/dashbell,techstars
25353,"WhoAPI",https://angel.co/whoapi,500startups
25359,"Adioso",https://angel.co/adioso,y-combinator
25441,"Storie",https://angel.co/storie,AngelPad
25497,"Switchcam",https://angel.co/switchcam,500startups
25513,"Contactually",https://angel.co/contactually,500startups
25518,"Clipabout",https://angel.co/clipabout-1,AngelPad
25519,"LendFriend",https://angel.co/lendfriend,AngelPad
25528,"Heyo",https://angel.co/heyo,500startups
25544,"RolePoint",https://angel.co/rolepoint,AngelPad
25577,"ShopLogic",https://angel.co/shoplogic,AngelPad
25635,"Frugalo",https://angel.co/frugalo,AngelPad
25717,"MoPix",https://angel.co/mopix,500startups
25954,"Matterport",https://angel.co/matterport,y-combinator
25976,"Storypanda",https://angel.co/storypanda,500startups
25989,"BrandBoards",https://angel.co/brandboards,500startups
26003,"Smore",https://angel.co/smore,techstars
26090,"ContaAzul",https://angel.co/contaazul,500startups
26102,"LOOKK",https://angel.co/lookk,500startups
26108,"Rota dos Concursos",https://angel.co/rota-dos-concursos,500startups
26118,"Love With Food",https://angel.co/love-with-food,500startups
26160,"Koemei ",https://angel.co/koemei,500startups
26167,"Pocket Tales",https://angel.co/pocket-tales,dreamit-ventures
26179,"Happy Inspector",https://angel.co/happy-inspector,500startups
26190,"MixRank",https://angel.co/mixrank,y-combinator
26348,"TapCanvas",https://angel.co/tapcanvas,500startups
26394,"Condition One",https://angel.co/condition-one,techstars
26411,"Club W",https://angel.co/club-w,500startups
26432,"Murfie",https://angel.co/murfie,techstars
26523,"Shareaholic",https://angel.co/shareaholic,500startups
26683,"ShuttleCloud",https://angel.co/shuttlecloud,techstars
26775,"Bondsy",https://angel.co/bondsy,techstars
26883,"Poptip",https://angel.co/poptip,techstars
26942,"Meal Ticket",https://angel.co/meal-ticket,techstars
27033,"Romotive",https://angel.co/romotive-2,techstars
27048,"Foodzie",https://angel.co/foodzie,techstars
27096,"Zeppelin",https://angel.co/zeppelin,techstars
27175,"The Muse",https://angel.co/the-muse-1,y-combinator
27212,"BISON",https://angel.co/bison,techstars
27216,"Hapyrus",https://angel.co/hapyrus,500startups
27490,"Fieldwire",https://angel.co/fieldwire,AngelPad
27572,"Tello, creators of PassTools",https://angel.co/tello-creators-of-passtools,500startups
27573,"GeoPalz",https://angel.co/geopalz,techstars
27830,"Automatic",https://angel.co/automatic,y-combinator
27869,"Plivo",https://angel.co/plivo,y-combinator
27942,"Spotsetter",https://angel.co/spotsetter,AngelPad
28064,"TrustEgg",https://angel.co/trustegg,y-combinator
28118,"Pixowl",https://angel.co/pixowl,500startups
28208,"Tutorspree",https://angel.co/tutorspree,y-combinator
28225,"Microryza",https://angel.co/microryza,y-combinator
28390,"HD Trade Services",https://angel.co/hd-trade-services,y-combinator
28471,"SocialPandas",https://angel.co/socialpandas,alchemist-accelerator
28474,"Frame",https://angel.co/frame,techstars
28625,"Soldsie",https://angel.co/soldsie,500startups
28824,"Circl",https://angel.co/circl,AngelPad
29008,"Circle",https://angel.co/circle,500startups
29047,"DoubleRecall",https://angel.co/doublerecall,y-combinator
29049,"Grove",https://angel.co/grove,y-combinator
29096,"DealAngel",https://angel.co/dealangel,techstars
29295,"Mimoona (Dreamit S2013)",https://angel.co/mimoona-dreamit-s2013,dreamit-ventures
29381,"Geckoboard",https://angel.co/geckoboard,500startups
29398,"alex+von",https://angel.co/alex-von,500startups
29428,"Tie Society",https://angel.co/tie-society,500startups
29586,"Diffbot",https://angel.co/diffbot,startx
29741,"Karma",https://angel.co/karma,techstars
29798,"CallGrader",https://angel.co/callgrader,dreamit-ventures
29984,"Spotivate",https://angel.co/spotivate-1,AngelPad
30009,"Kwelia",https://angel.co/kwelia,dreamit-ventures
30069,"SnowShoe Stamp",https://angel.co/snowshoe-stamp,techstars
30459,"TwitMusic",https://angel.co/twitmusic,500startups
30468,"LeanMarket",https://angel.co/leanmarket,y-combinator
30557,"Chewse",https://angel.co/chewse,500startups
30626,"Uvize",https://angel.co/uvize,techstars
30767,"Moveline",https://angel.co/moveline,techstars
31113,"ROXIMITY",https://angel.co/roximity,techstars
31196,"Nveloped",https://angel.co/nveloped,techstars
31319,"Eligible",https://angel.co/eligible,y-combinator
31409,"Vanilla Forums",https://angel.co/vanilla-forums,techstars
31417,"Rewind.Me",https://angel.co/rewind-me,techstars
31465,"Scoutzie",https://angel.co/scoutzie,y-combinator
31581,"HaveMyShift",https://angel.co/havemyshift,techstars
31606,"DermLink",https://angel.co/dermlink,startx
31626,"Like.fm",https://angel.co/like-fm,y-combinator
31676,"MyHealthTeams",https://angel.co/myhealthteams,500startups
31762,"Bridge",https://angel.co/bridge-2,y-combinator
31803,"Doccaster",https://angel.co/doccaster-1,dreamit-ventures
31833,"Dabee",https://angel.co/dabee,500startups
31846,"BrightNest",https://angel.co/brightnest,500startups
31850,"Rezora",https://angel.co/rezora,techstars
31917,"Timbuktu Labs",https://angel.co/timbuktu-labs,500startups
31948,"Pickie",https://angel.co/pickie,techstars
32023,"280 North",https://angel.co/280-north,y-combinator
32042,"Appbistro",https://angel.co/appbistro,500startups
32043,"Appjet",https://angel.co/appjet,y-combinator
32090,"Epic Playground",https://angel.co/epic-playground,techstars
32106,"Clickpass",https://angel.co/clickpass,y-combinator
32122,"Dailybooth",https://angel.co/dailybooth,y-combinator
32123,"DailyBurn",https://angel.co/dailyburn,techstars
32137,"Devver",https://angel.co/devver,techstars
32170,"FanBridge",https://angel.co/fanbridge,500startups
32177,"Filtrbox",https://angel.co/filtrbox,techstars
32216,"Hello Chair",https://angel.co/hello-chair,y-combinator
32217,"Heroku",https://angel.co/heroku,y-combinator
32225,"Hug Energy",https://angel.co/hug-energy,AngelPad
32233,"Intense Debate",https://angel.co/intense-debate,techstars
32244,"Justin.tv",https://angel.co/justin-tv,y-combinator
32318,"Next Big Sound",https://angel.co/next-big-sound,techstars
32327,"Omnisio",https://angel.co/omnisio,y-combinator
32328,"OneSpot",https://angel.co/onespot,500startups
32364,"Poll Everywhere",https://angel.co/poll-everywhere,y-combinator
32366,"Posterous",https://angel.co/posterous,y-combinator
32392,"RethinkDB",https://angel.co/rethinkdb,y-combinator
32403,"Scribd",https://angel.co/scribd,y-combinator
32409,"SendGrid",https://angel.co/sendgrid-1,techstars
32435,"Smule",https://angel.co/smule,500startups
32437,"Sniply",https://angel.co/sniply,AngelPad
32452,"Songkick",https://angel.co/songkick,y-combinator
32477,"TaskRabbit",https://angel.co/taskrabbit,500startups
32502,"Tsumobi",https://angel.co/tsumobi,y-combinator
32509,"Twilio",https://angel.co/twilio,500startups
32543,"Xobni",https://angel.co/xobni,y-combinator
32566,"CardPool",https://angel.co/cardpool,y-combinator
32572,"Simple",https://angel.co/simple,500startups
32579,"Hipmunk",https://angel.co/hipmunk,y-combinator
32588,"ADstruc",https://angel.co/adstruc,techstars
32589,"Kapost",https://angel.co/kapost,techstars
32603,"1000Memories",https://angel.co/1000memories,y-combinator
32606,"PagerDuty",https://angel.co/pagerduty,y-combinator
32616,"Bump Technologies",https://angel.co/bump-technologies,y-combinator
32631,"Etacts",https://angel.co/etacts,y-combinator
32654,"Crocodoc",https://angel.co/crocodoc,y-combinator
32655,"Nowmov",https://angel.co/nowmov,y-combinator
32665,"Medialets",https://angel.co/medialets,500startups
32667,"Dropbox",https://angel.co/dropbox,y-combinator
32677,"Airbnb",https://angel.co/airbnb,y-combinator
32683,"Zencoder",https://angel.co/zencoder,y-combinator
32694,"Wildfire Interactive",https://angel.co/wildfire-interactive,500startups
32695,"Flowtown",https://angel.co/flowtown,500startups
32717,"Marginize",https://angel.co/marginize,techstars
32743,"AccelGolf",https://angel.co/accelgolf,techstars
32748,"Cloudant",https://angel.co/cloudant,y-combinator
32756,"RescueTime",https://angel.co/rescuetime,y-combinator
32771,"WePay",https://angel.co/wepay,y-combinator
32877,"CrowdTwist",https://angel.co/crowdtwist,techstars
32934,"Opzi",https://angel.co/opzi,y-combinator
33100,"GroupSpaces",https://angel.co/groupspaces,500startups
33237,"Fanvibe",https://angel.co/fanvibe,y-combinator
33397,"ZOZI",https://angel.co/zozi,500startups
33521,"Brainient",https://angel.co/brainient,500startups
33550,"Brightkite",https://angel.co/brightkite,techstars
33687,"Payvment",https://angel.co/payvment,500startups
33930,"GrabCAD",https://angel.co/grabcad,techstars
33942,"Zecter",https://angel.co/zecter,y-combinator
33952,"Weebly",https://angel.co/weebly,y-combinator
34057,"Clustrix",https://angel.co/clustrix,y-combinator
34097,"E la Carte",https://angel.co/e-la-carte,y-combinator
34103,"Simperium",https://angel.co/simperium,y-combinator
34351,"Lightbox",https://angel.co/lightbox,500startups
35009,"Deal Co-op",https://angel.co/deal-co-op,techstars
35670,"Futureadvisor",https://angel.co/futureadvisor,y-combinator
35767,"Nestio",https://angel.co/nestio,techstars
35849,"Aerofs",https://angel.co/aerofs,y-combinator
35897,"Makerbot",https://angel.co/makerbot,500startups
36033,"Ninite",https://angel.co/ninite,y-combinator
36035,"Blue Frog Gaming",https://angel.co/blue-frog-gaming,y-combinator
36036,"Bountii",https://angel.co/bountii,y-combinator
36038,"Fathomdb",https://angel.co/fathomdb,y-combinator
36039,"Anywhere.fm",https://angel.co/anywhere-fm,y-combinator
36040,"Draftmix",https://angel.co/draftmix,y-combinator
36041,"Foodoro",https://angel.co/foodoro,y-combinator
36044,"Tipjoy",https://angel.co/tipjoy,y-combinator
36193,"Loopt",https://angel.co/loopt,y-combinator
36399,"Jobaphiles",https://angel.co/jobaphiles,dreamit-ventures
36406,"Tapinko",https://angel.co/tapinko,dreamit-ventures
36407,"Three Screen Games",https://angel.co/three-screen-games,dreamit-ventures
36408,"Vuzit",https://angel.co/vuzit,dreamit-ventures
36651,"Socialsci",https://angel.co/socialsci,techstars
36705,"Republic Project",https://angel.co/republic-project,500startups
36765,"410 Labs",https://angel.co/410-labs,500startups
36817,"Onswipe",https://angel.co/onswipe,techstars
37323,"ZeroCater",https://angel.co/zerocater,y-combinator
37483,"Venuetastic",https://angel.co/venuetastic,y-combinator
37522,"Inporia",https://angel.co/inporia,y-combinator
37549,"Backyard",https://angel.co/backyard,500startups
37918,"Sitejabber",https://angel.co/sitejabber,500startups
38003,"Venuetastic.com",https://angel.co/venuetastic-com,y-combinator
38027,"Frogmetrics",https://angel.co/frogmetrics,y-combinator
38073,"Apsalar",https://angel.co/apsalar,500startups
38752,"Socialthing",https://angel.co/socialthing,techstars
39027,"Apportable",https://angel.co/apportable,y-combinator
39284,"Aslan Computing",https://angel.co/aslan-computing,500startups
39581,"Catchfree",https://angel.co/catchfree,500startups
39946,"140Fire",https://angel.co/140fire,y-combinator
40356,"OneTrueFan",https://angel.co/onetruefan,500startups
40446,"IntenseDebate",https://angel.co/intensedebate,techstars
40574,"MemSQL",https://angel.co/memsql,y-combinator
40934,"ThinkNear",https://angel.co/thinknear,techstars
41094,"Buxfer",https://angel.co/buxfer,y-combinator
41324,"eLacarte",https://angel.co/elacarte,500startups
42274,"Kinvey",https://angel.co/kinvey,techstars
42511,"Help Scout",https://angel.co/help-scout,techstars
43503,"Reddit",https://angel.co/reddit,y-combinator
43617,"Shelby.TV",https://angel.co/shelby-tv,techstars
43664,"Affinity China",https://angel.co/affinity-china,500startups
44559,"15Five",https://angel.co/15five,500startups
44849,"Placester",https://angel.co/placester,techstars
45495,"Grubwithus",https://angel.co/grubwithus,y-combinator
45978,"FiveStars",https://angel.co/fivestars,y-combinator
46361,"Kiwi Crate",https://angel.co/kiwi-crate,500startups
47730,"Appstores.com",https://angel.co/appstores-com,500startups
48212,"Ordr.In",https://angel.co/ordr-in,techstars
49455,"Occipital",https://angel.co/occipital,techstars
49456,"Parse",https://angel.co/parse,y-combinator
49704,"EventVue",https://angel.co/eventvue,techstars
49773,"Brightwurks",https://angel.co/brightwurks,techstars
50462,"Anyvite",https://angel.co/anyvite,y-combinator
50647,"reMail",https://angel.co/remail,y-combinator
51231,"MarketBrief",https://angel.co/marketbrief,y-combinator
51405,"Auctomatic",https://angel.co/auctomatic,y-combinator
51504,"HyperInk",https://angel.co/hyperink,startx
51645,"Jeeran",https://angel.co/jeeran,500startups
51938,"MessageParty",https://angel.co/messageparty,y-combinator
52123,"ReTel Technologies",https://angel.co/retel-technologies,techstars
52538,"AgileMD",https://angel.co/agilemd,y-combinator
52573,"Game Closure",https://angel.co/game-closure,startx
52721,"Science Exchange",https://angel.co/science-exchange,y-combinator
52745,"Tagstand",https://angel.co/tagstand,y-combinator
53145,"Snapjoy",https://angel.co/snapjoy,y-combinator
53353,"Aisle50",https://angel.co/aisle50,y-combinator
53538,"VivaReal",https://angel.co/vivareal,500startups
53964,"Rollcall",https://angel.co/rollcall,AngelPad
54099,"Gizmo.com",https://angel.co/gizmo-com,500startups
54146,"Connected",https://angel.co/connected,500startups
54155,"ChompOn",https://angel.co/chompon,startx
54312,"Sift Science",https://angel.co/sift-science,y-combinator
54420,"Favo.rs",https://angel.co/favo-rs,techstars
54786,"AKSEL PARIS",https://angel.co/aksel-paris,500startups
55100,"Visual.ly",https://angel.co/visual-ly,500startups
55797,"Olark",https://angel.co/olark,y-combinator
56239,"SocialEngine",https://angel.co/socialengine,techstars
57028,"Codecademy",https://angel.co/codecademy,y-combinator
57227,"HeyKiki",https://angel.co/heykiki,dreamit-ventures
57911,"GraffitiGeo",https://angel.co/graffitigeo,y-combinator
58059,"Kippt",https://angel.co/kippt,y-combinator
58611,"Yogome",https://angel.co/yogome,500startups
58819,"Dispatch",https://angel.co/dispatch,techstars
58919,"Lumatic",https://angel.co/lumatic,techstars
60577,"lark technologies",https://angel.co/lark-technologies,startx
61157,"Mertado",https://angel.co/mertado,y-combinator
61232,"InboxQ",https://angel.co/inboxq,y-combinator
61263,"Ubersense",https://angel.co/ubersense,techstars
61444,"Mogotest",https://angel.co/mogotest,techstars
62150,"Mobileworks",https://angel.co/mobileworks,y-combinator
62234,"ZipDial",https://angel.co/zipdial,500startups
62639,"Chirpme.com",https://angel.co/chirpme-com,500startups
64214,"GetGoing",https://angel.co/getgoing,y-combinator
64339,"Cashie Commerce",https://angel.co/cashie-commerce,500startups
64430,"Curious Hat",https://angel.co/curious-hat,500startups
64574,"madKast",https://angel.co/madkast,techstars
64699,"PayrollHero",https://angel.co/payrollhero,500startups
64807,"Peatix",https://angel.co/peatix,500startups
64924,"Runnable",https://angel.co/runnable,AngelPad
65209,"Academize",https://angel.co/academize,AngelPad
65382,"Cambrian Genomics",https://angel.co/cambrian-genomics,alchemist-accelerator
65563,"gazeMetrix ",https://angel.co/gazemetrix-1,500startups
65593,"Zenter",https://angel.co/zenter,y-combinator
65640,"Fontacto",https://angel.co/fontacto,500startups
65735,"A Thinking Ape",https://angel.co/a-thinking-ape,y-combinator
65781,"Boosted Boards",https://angel.co/boosted-boards,y-combinator
66253,"LaunchGram",https://angel.co/launchgram,500startups
66690,"Motives",https://angel.co/motives,500startups
66827,"LE TOTE",https://angel.co/le-tote,y-combinator
67109,"Sverve",https://angel.co/sverve,500startups
67354,"peerTransfer",https://angel.co/peertransfer,500startups
67548,"BuildZoom",https://angel.co/buildzoom,y-combinator
67672,"Markupwand",https://angel.co/markupwand,y-combinator
68919,"RentHop",https://angel.co/renthop,y-combinator
69281,"mor.sl",https://angel.co/mor-sl,dreamit-ventures
69595,"ShareBloc",https://angel.co/sharebloc,500startups
69763,"Priceonomics",https://angel.co/priceonomics,y-combinator
69943,"Tomo",https://angel.co/tomo,y-combinator
70379,"Mayvenn",https://angel.co/mayvenn,500startups
70538,"BufferBox",https://angel.co/bufferbox,y-combinator
70816,"AirPR",https://angel.co/airpr,500startups
70849,"Ad Hoc Labs",https://angel.co/ad-hoc-labs,500startups
71006,"Wanderable",https://angel.co/wanderable,500startups
71558,"mom trusted ",https://angel.co/mom-trusted,500startups
71679,"tic",https://angel.co/tic,500startups
71892,"CarWoo!",https://angel.co/carwoo-2,y-combinator
71895,"Simple Finance Technology Corp",https://angel.co/simple-finance-technology-corp,500startups
71900,"Ignighter",https://angel.co/ignighter,techstars
71939,"Nowbox",https://angel.co/nowbox,y-combinator
71989,"AdGrok",https://angel.co/adgrok,y-combinator
71990,"Versly",https://angel.co/versly,500startups
72022,"webmynd",https://angel.co/webmynd,y-combinator
72047,"Enernetics",https://angel.co/enernetics,y-combinator
72048,"Voxli",https://angel.co/voxli,y-combinator
72109,"GoChime",https://angel.co/gochime,techstars
72121,"Infinity Box",https://angel.co/infinity-box,y-combinator
72168,"AppSocially",https://angel.co/appsocially,500startups
72266,"Sandglaz",https://angel.co/sandglaz,techstars
72414,"Regalii",https://angel.co/regalii,y-combinator
72989,"Verdigris Technologies",https://angel.co/verdigris-technologies,startx
73215,"Lexity",https://angel.co/lexity,500startups
73437,"FanChatter",https://angel.co/fanchatter,y-combinator
74754,"Instamojo",https://angel.co/instamojo-1,500startups
74990,"userfox",https://angel.co/userfox,y-combinator
75737,"ReelSurfer",https://angel.co/reelsurfer,y-combinator
75887,"Reesio",https://angel.co/reesio,500startups
75920,"UpCounsel",https://angel.co/upcounsel,AngelPad
76047,"Transcriptic",https://angel.co/transcriptic,500startups
76083,"Flightfox",https://angel.co/flightfox,y-combinator
76155,"Precog",https://angel.co/precog,techstars
76252,"Ubooly",https://angel.co/ubooly,techstars
76269,"Mailgun",https://angel.co/mailgun,y-combinator
76533,"AnyPerk",https://angel.co/anyperk,y-combinator
76536,"MedWhat",https://angel.co/medwhat,startx
76705,"Klooff",https://angel.co/klooff,techstars
76997,"PayDragon",https://angel.co/paydragon,y-combinator
77179,"ImpulseSave",https://angel.co/impulsesave,techstars
77235,"Flomio",https://angel.co/flomio,techstars
77419,"Rise Robotics",https://angel.co/rise-robotics,techstars
77492,"Piictu",https://angel.co/piictu-2,techstars
77589,"Medigram",https://angel.co/medigram,y-combinator
77762,"AnyVivo",https://angel.co/anyvivo,y-combinator
77770,"Couple",https://angel.co/couple,y-combinator
78224,"FamilyLeaf",https://angel.co/familyleaf,y-combinator
78493,"Sketchfab",https://angel.co/sketchfab,techstars
78563,"Zapier",https://angel.co/zapier,y-combinator
78671,"Carsabi",https://angel.co/carsabi,y-combinator
78690,"Vacation Rental Partner",https://angel.co/vacation-rental-partner-2,techstars
78720,"ZenPayroll",https://angel.co/zenpayroll,y-combinator
78781,"Cloudsnap",https://angel.co/cloudsnap,techstars
78782,"HireArt",https://angel.co/hireart,y-combinator
78903,"Watchup",https://angel.co/watchup,startx
78959,"Appsembler",https://angel.co/appsembler,techstars
79123,"Emergent One",https://angel.co/emergent-one,techstars
79259,"iCracked  ",https://angel.co/icracked,y-combinator
79275,"Hipmob",https://angel.co/hipmob,y-combinator
79297,"EveryArt",https://angel.co/everyart,y-combinator
79393,"TempoDB",https://angel.co/tempodb,techstars
79556,"99dresses",https://angel.co/99dresses,y-combinator
79622,"Lendup",https://angel.co/lendup,y-combinator
79624,"Swiftype",https://angel.co/swiftype,y-combinator
79741,"Thinkfuse",https://angel.co/thinkfuse,techstars
79796,"Reclip.It",https://angel.co/reclip-it,500startups
79828,"TenderTree",https://angel.co/tendertree,500startups
79849,"Credii",https://angel.co/credii,500startups
79961,"Screenleap",https://angel.co/screenleap,y-combinator
79981,"WireOver",https://angel.co/wireover,y-combinator
79995,"NBD Nanotechnologies",https://angel.co/nbd-nanotechnologies-1,techstars
80042,"Shoptouch",https://angel.co/shoptouch,500startups
80054,"Zillabyte",https://angel.co/zillabyte,y-combinator
80126,"PublikDemand",https://angel.co/publikdemand,500startups
80305,"Umba",https://angel.co/umba,500startups
80314,"Bombfell",https://angel.co/bombfell,500startups
80321,"Tuckernuck",https://angel.co/tuckernuck,500startups
80503,"Rescale",https://angel.co/rescale,y-combinator
80977,"Ingresse",https://angel.co/ingresse,500startups
80986,"Tokyo Otaku Mode",https://angel.co/tokyo-otaku-mode,500startups
81354,"Bankons",https://angel.co/bankons,500startups
81396,"Leaky",https://angel.co/leaky,y-combinator
81433,"Monogram",https://angel.co/monogram,500startups
81471,"Manifold Studios",https://angel.co/manifold-studios,y-combinator
81494,"Traity",https://angel.co/traity-1,500startups
81705,"Sonalight",https://angel.co/sonalight,y-combinator
81853,"MarketVibe",https://angel.co/marketvibe,techstars
82190,"Social Tables",https://angel.co/social-tables,500startups
82357,"wedgies",https://angel.co/wedgies,500startups
82552,"Submittable",https://angel.co/submittable,y-combinator
82610,"Morpheus Medical",https://angel.co/morpheus-medical,startx
82817,"SocialCrunch",https://angel.co/socialcrunch,techstars
83129,"SlidePay",https://angel.co/slidepay,y-combinator
83136,"Mattermark",https://angel.co/mattermark,y-combinator
83184,"Freight Farms",https://angel.co/freight-farms,techstars
83404,"Tray",https://angel.co/tray,AngelPad
83651,"Osito",https://angel.co/osito,AngelPad
83689,"Cubie",https://angel.co/cubie,500startups
83791,"Pogoseat",https://angel.co/pogoseat,AngelPad
84209,"Mobile Captain",https://angel.co/mobile-captain,AngelPad
84315,"PICT",https://angel.co/pict,AngelPad
84445,"Insynctive",https://angel.co/insynctive,startx
84663,"NudgePad",https://angel.co/nudgepad,y-combinator
84745,"Red Rover",https://angel.co/red-rover,techstars
85108,"Lore",https://angel.co/lore-1,techstars
85122,"SmartAsset",https://angel.co/smartasset,y-combinator
85255,"Veebot",https://angel.co/veebot,startx
85372,"Audiodraft",https://angel.co/audiodraft,500startups
85483,"boomtrain",https://angel.co/boomtrain,AngelPad
85497,"Humanvest ",https://angel.co/humanvest,startx
85525,"JobSpice",https://angel.co/jobspice,y-combinator
85837,"Etherpad",https://angel.co/etherpad,y-combinator
85839,"Plangrid",https://angel.co/plangrid,y-combinator
86331,"Strohl Medical",https://angel.co/strohl-medical,techstars
87273,"Nitrous.IO",https://angel.co/nitrous-io,500startups
87703,"Juntos Finanzas",https://angel.co/juntos-finanzas,startx
88077,"Streak",https://angel.co/streak,y-combinator
88078,"KiteReaders",https://angel.co/kitereaders-1,500startups
88346,"Kidblog",https://angel.co/kidblog,500startups
88378,"AdStage",https://angel.co/adstage,500startups
88695,"Knotch",https://angel.co/knotch,startx
88990,"Cinemacraft",https://angel.co/cinemacraft,500startups
89090,"Chec",https://angel.co/chec,AngelPad
89862,"DigitalOcean",https://angel.co/digitalocean,techstars
90089,"Ballers Bridge",https://angel.co/ballers-bridge-1,startx
90241,"Markerly",https://angel.co/markerly,500startups
90464,"Canary",https://angel.co/canary-4,techstars
90720,"WeDidIt ",https://angel.co/wedidit,dreamit-ventures
91049,"MyVR",https://angel.co/myvr,y-combinator
91255,"Smallknot",https://angel.co/smallknot,techstars
91665,"Nomiku",https://angel.co/nomiku,500startups
91921,"Seer",https://angel.co/seer,dreamit-ventures
91940,"HighFive",https://angel.co/highfive,techstars
91973,"Delight",https://angel.co/delight,y-combinator
94672,"Ube",https://angel.co/ube,techstars
94814,"YEVVO",https://angel.co/yevvo,dreamit-ventures
94949,"Lookmark",https://angel.co/lookmark,500startups
95009,"SkyGiraffe",https://angel.co/skygiraffe,500startups
95146,"Caviar",https://angel.co/caviar,y-combinator
95163,"InstantCab",https://angel.co/instantcab,y-combinator
95288,"Teamalaya",https://angel.co/teamalaya,dreamit-ventures
96232,"Tred",https://angel.co/tred,techstars
96497,"Kinnek",https://angel.co/kinnek,AngelPad
97116,"Cucumbertown",https://angel.co/cucumbertown,500startups
97349,"Addy",https://angel.co/addy,startx
97716,"Import2",https://angel.co/import2,500startups
98033,"Manicube",https://angel.co/manicube,500startups
98097,"Flinja",https://angel.co/flinja,techstars
98151,"Machine Zone",https://angel.co/machine-zone,y-combinator
98319,"wireLawyer",https://angel.co/wirelawyer,dreamit-ventures
98861,"Glider",https://angel.co/glider-1,techstars
99018,"FullCourt",https://angel.co/fullcourt,500startups
99336,"Lawdingo",https://angel.co/lawdingo,y-combinator
99359,"Freak'n Genius",https://angel.co/freak-n-genius,techstars
100100,"Balanced",https://angel.co/balanced,y-combinator
101112,"Cubiez",https://angel.co/cubiez,dreamit-ventures
101246,"VerbalizeIt",https://angel.co/verbalizeit,techstars
101493,"Fancred",https://angel.co/fancred,techstars
101592,"Virool",https://angel.co/virool,y-combinator
102051,"App.io",https://angel.co/app-io,500startups
103032,"Elastic",https://angel.co/elastic,y-combinator
103572,"Tealet",https://angel.co/tealet,500startups
103843,"HighlightCam",https://angel.co/highlightcam,y-combinator
104394,"License Buddy",https://angel.co/license-buddy,dreamit-ventures
104422,"Modern Guild",https://angel.co/modern-guild-1,techstars
104469,"Tradesy",https://angel.co/tradesy,500startups
104489,"Dealflicks",https://angel.co/dealflicks,500startups
105732,"Language Cloud",https://angel.co/language-cloud,500startups
106017,"Arc",https://angel.co/arc-1,y-combinator
106355,"Storefront",https://angel.co/storefront,AngelPad
106374,"Meldium",https://angel.co/meldium,y-combinator
106978,"Boxbee ",https://angel.co/boxbee,AngelPad
107217,"BabyList",https://angel.co/babylist,500startups
107277,"Birdbox",https://angel.co/birdbox,techstars
107294,"Filepicker.io",https://angel.co/filepicker-io,y-combinator
108003,"Hiptype",https://angel.co/hiptype,y-combinator
108312,"FundersClub",https://angel.co/fundersclub,y-combinator
108348,"BitNami",https://angel.co/bitnami,y-combinator
108524,"Partnered",https://angel.co/partnered,y-combinator
108780,"Appfluence",https://angel.co/appfluence,startx
109204,"hull",https://angel.co/hull,techstars
109363,"NewsCastic",https://angel.co/newscastic,dreamit-ventures
109557,"Coinbase",https://angel.co/coinbase,y-combinator
110951,"FarmLogs",https://angel.co/farmlogs,y-combinator
111423,"Meetings.io",https://angel.co/meetings-io,y-combinator
112248,"Peerby",https://angel.co/peerby,techstars
112523,"TRDATA",https://angel.co/trdata,500startups
112846,"Strikingly",https://angel.co/strikingly,y-combinator
112849,"TasteSpace",https://angel.co/tastespace,500startups
113107,"Cargo Networks",https://angel.co/cargo-networks,dreamit-ventures
113221,"Voicegem",https://angel.co/voicegem,y-combinator
113386,"Tastemaker",https://angel.co/tastemaker,y-combinator
114142,"Twitch",https://angel.co/twitch,y-combinator
114180,"Statwing",https://angel.co/statwing,y-combinator
114426,"Clever",https://angel.co/clever,y-combinator
114442,"MicroEval",https://angel.co/microeval,y-combinator
114450,"Airbrite",https://angel.co/airbrite,y-combinator
115146,"Kamcord",https://angel.co/kamcord,y-combinator
115616,"NoRedink",https://angel.co/noredink,500startups
116218,"Boletia",https://angel.co/boletia,500startups
116369,"Flyer",https://angel.co/flyer,500startups
116466,"dakwak",https://angel.co/dakwak,500startups
117016,"neoDigital",https://angel.co/neodigital-1,500startups
117187,"FlightCar",https://angel.co/flightcar,y-combinator
117264,"SpotHero",https://angel.co/spothero,500startups
117448,"Saverr Mobile",https://angel.co/saverr-mobile,techstars
117469,"Double Robotics",https://angel.co/double-robotics,y-combinator
117512,"cisimple",https://angel.co/cisimple,AngelPad
117515,"Conspire",https://angel.co/conspire,techstars
118873,"Wufoo",https://angel.co/wufoo,y-combinator
119359,"Sqord",https://angel.co/sqord,techstars
119844,"Estimote",https://angel.co/estimote,y-combinator
120160,"PlayCanvas",https://angel.co/playcanvas,techstars
120382,"Hackpad",https://angel.co/hackpad,y-combinator
120862,"Kalibrr",https://angel.co/kalibrr,y-combinator
121591,"Winston Network Inc.",https://angel.co/winston-network-inc,dreamit-ventures
121593,"Makeably",https://angel.co/makeably,500startups
121839,"Given Goods Company",https://angel.co/given-goods-company-1,techstars
121846,"Charlie",https://angel.co/charlie-2,dreamit-ventures
122184,"iDreamBooks",https://angel.co/idreambooks,500startups
122262,"wideo",https://angel.co/wideo,500startups
122276,"Nuzzel",https://angel.co/nuzzel,500startups
122277,"Light Table",https://angel.co/light-table,y-combinator
122313,"TriggerMail",https://angel.co/triggermail,techstars
122331,"Brideside",https://angel.co/brideside,dreamit-ventures
122444,"Webflow",https://angel.co/webflow,y-combinator
122512,"BabyJunk",https://angel.co/babyjunk,500startups
122643,"everbill",https://angel.co/everbill,500startups
122672,"Eversnap",https://angel.co/eversnap,500startups
122888,"Padlet",https://angel.co/padlet,y-combinator
123324,"Tapshot, Makers of Videokits",https://angel.co/tapshot-makers-of-videokits,500startups
124164,"Nurep",https://angel.co/nurep,startx
124303,"E&M Labs",https://angel.co/e-m-labs,startx
124490,"Semantics3",https://angel.co/semantics3,y-combinator
124619,"TrendKite",https://angel.co/trendkite,dreamit-ventures
124892,"Uwisio",https://angel.co/uwisio,500startups
124939,"WalletKit",https://angel.co/walletkit,500startups
125045,"AdsNative",https://angel.co/adsnative,techstars
125280,"SupplyHog",https://angel.co/supplyhog,dreamit-ventures
125344,"TradeBriefs",https://angel.co/tradebriefs,500startups
125348,"Spottly",https://angel.co/spottly,500startups
126175,"SpotOn",https://angel.co/spoton-1,startx
126464,"AuManil",https://angel.co/aumanil,techstars
126514,"Floqq",https://angel.co/floqq,500startups
126579,"Circle",https://angel.co/circle-3,y-combinator
127378,"Goldbely",https://angel.co/goldbely-2,y-combinator
127406,"ConnectBright",https://angel.co/connectbright,alchemist-accelerator
127575,"Cuponomia",https://angel.co/cuponomia,500startups
127726,"femeninas",https://angel.co/femeninas,500startups
127729,"PriceBaba",https://angel.co/pricebaba,500startups
127821,"UniPay",https://angel.co/unipay,500startups
127824,"Qual Canal",https://angel.co/qual-canal,500startups
127905,"Dash",https://angel.co/dash,techstars
129175,"Toutpost",https://angel.co/toutpost,y-combinator
129930,"Selligy",https://angel.co/selligy,alchemist-accelerator
129941,"CrowdMed",https://angel.co/crowdmed,y-combinator
130174,"MyPermissions",https://angel.co/mypermissions,500startups
130304,"Placemeter",https://angel.co/placemeter,techstars
130560,"Glassmap",https://angel.co/glassmap,y-combinator
130937,"Careport Health",https://angel.co/careport-health,techstars
131028,"Synata",https://angel.co/synata,alchemist-accelerator
131153,"Cloudadmin",https://angel.co/cloudadmin,500startups
131299,"EasyPost",https://angel.co/easypost,y-combinator
131716,"Instacart",https://angel.co/instacart,y-combinator
132065,"GreenGar",https://angel.co/greengar,500startups
132132,"YaSabe",https://angel.co/yasabe,500startups
132224,"Wymsee",https://angel.co/wymsee,techstars
132880,"Artivest",https://angel.co/artivest,500startups
133918,"Instart Logic",https://angel.co/instart-logic,startx
133961,"Swish",https://angel.co/swish,y-combinator
134201,"Leanplum",https://angel.co/leanplum,techstars
134409,"BetterFit Technologies",https://angel.co/betterfit-technologies,techstars
135064,"TackTile",https://angel.co/tacktile,500startups
135869,"Periscope",https://angel.co/periscope,AngelPad
136219,"Neurala",https://angel.co/neurala,techstars
136404,"Amulyte",https://angel.co/amulyte,y-combinator
136933,"ServerPilot",https://angel.co/serverpilot,AngelPad
137045,"Fashion Project",https://angel.co/fashion-project,techstars
137602,"ScaleGrid",https://angel.co/scalegrid,AngelPad
137994,"POPAPP",https://angel.co/popapp,500startups
138363,"Teespring",https://angel.co/teespring-1,y-combinator
138507,"Strategic Blue - Cloud Options",https://angel.co/strategic-blue-cloud-options,techstars
138735,"Testlio",https://angel.co/testlio,techstars
139057,"TheShelf",https://angel.co/theshelf,AngelPad
139092,"mojio",https://angel.co/mojio,500startups
140117,"Kivo",https://angel.co/kivo,y-combinator
141016,"Audience.fm",https://angel.co/audience-fm-1,AngelPad
142230,"PivotDesk",https://angel.co/pivotdesk-1,techstars
142882,"SensorTower",https://angel.co/sensortower,AngelPad
142940,"Good.Co",https://angel.co/good-co,techstars
144006,"MexicoDestinos",https://angel.co/mexicodestinos,500startups
145187,"Reebee",https://angel.co/reebee,y-combinator
146025,"Boatbound",https://angel.co/boatbound,500startups
149282,"Eventava",https://angel.co/eventava,startx
149285,"Kidaptive",https://angel.co/kidaptive,startx
149361,"SKIPO",https://angel.co/skipo,500startups
149377,"Proxino",https://angel.co/proxino,y-combinator
149486,"Boxella",https://angel.co/boxella,techstars
149576,"RentMetrics",https://angel.co/rentmetrics,y-combinator
149591,"FlameStower",https://angel.co/flamestower,startx
150268,"tushky.com",https://angel.co/tushky-com,500startups
150305,"WHILL",https://angel.co/whill,500startups
150765,"dashboard.io",https://angel.co/dashboard-io,500startups
150892,"Chatous",https://angel.co/chatous,startx
152115,"Plated",https://angel.co/plated,techstars
152635,"HumanAPI",https://angel.co/humanapi,AngelPad
153114,"Docmunch",https://angel.co/docmunch,startx
153921,"inDinero",https://angel.co/indinero,y-combinator
154195,"Versus",https://angel.co/versus,500startups
155311,"Heap",https://angel.co/heap,y-combinator
155782,"Crowdery",https://angel.co/crowdery-1,y-combinator
156064,"weeSpring",https://angel.co/weespring,techstars
156924,"Brandfolder",https://angel.co/brandfolder-1,techstars
157106,"SearchMan",https://angel.co/searchman,500startups
157687,"Keychain Logistics",https://angel.co/keychain-logistics,y-combinator
158596,"Tylr Mobile",https://angel.co/tylr-mobile,alchemist-accelerator
158725,"Shopular",https://angel.co/shopular,y-combinator
159247,"SendTask",https://angel.co/sendtask,alchemist-accelerator
159454,"Pistol Lake",https://angel.co/pistol-lake,techstars
159561,"GamePress",https://angel.co/gamepress,dreamit-ventures
160382,"Feast",https://angel.co/feast,500startups
160521,"BrightFunnel ",https://angel.co/brightfunnel,alchemist-accelerator
160775,"Linknovate",https://angel.co/linknovate,startx
161453,"Stat",https://angel.co/stat-2,dreamit-ventures
163009,"FastFig",https://angel.co/fastfig,dreamit-ventures
163519,"RealCrowd",https://angel.co/realcrowd,y-combinator
164277,"Kato",https://angel.co/kato,techstars
165758,"MyTime",https://angel.co/mytime,500startups
165778,"Tamatem",https://angel.co/tamatem,500startups
166756,"ProductGram",https://angel.co/productgram,techstars
167051,"Lob",https://angel.co/lob,y-combinator
167413,"CompactCath",https://angel.co/compactcath,startx
167795,"Prediculous",https://angel.co/prediculous,techstars
168431,"SchoolAdmissions",https://angel.co/schooladmissions,500startups
168693,"InstaGIS ",https://angel.co/instagis,500startups
168993,"7 Cups of Tea",https://angel.co/7-cups-of-tea,y-combinator
169368,"First Opinion",https://angel.co/first-opinion,500startups
169996,"Central Mayoreo",https://angel.co/central-mayoreo,500startups
170659,"Wishbird Experiences",https://angel.co/wishbird-experiences,500startups
170885,"captureproof",https://angel.co/captureproof,techstars
172453,"Snapsheet",https://angel.co/snapsheet-1,500startups
172493,"Apptimize",https://angel.co/apptimize,y-combinator
172821,"Asseta ",https://angel.co/asseta-1,y-combinator
174290,"Sightly",https://angel.co/sightly,500startups
174323,"GoodApril",https://angel.co/goodapril,techstars
175020,"Streem",https://angel.co/streem,y-combinator
175062,"SoundFocus",https://angel.co/soundfocus,y-combinator
175330,"BloomThat",https://angel.co/bloomthat,y-combinator
175447,"Sunrise",https://angel.co/sunrise,500startups
175496,"BOXC",https://angel.co/boxc,500startups
176085,"Grand Round Table",https://angel.co/grand-round-table,dreamit-ventures
176530,"Augur",https://angel.co/augur,techstars
177001,"Serviceful",https://angel.co/serviceful,dreamit-ventures
177433,"Synack",https://angel.co/synack,techstars
178766,"Clerky",https://angel.co/clerky-1,y-combinator
181117,"Regresa Pronto ",https://angel.co/regresa-pronto,500startups
181525,"ZenKars",https://angel.co/zenkars,dreamit-ventures
182252,"Spire",https://angel.co/spire,startx
182277,"Survata",https://angel.co/survata,y-combinator
182290,"Skit!",https://angel.co/skit,techstars
183758,"Moni Technologies",https://angel.co/moni-technologies-1,techstars
184205,"Trippin' in",https://angel.co/trippin-in,dreamit-ventures
184377,"ELIHUU",https://angel.co/elihuu,techstars
184903,"Iterable",https://angel.co/iterable,AngelPad
185024,"Azuqua",https://angel.co/azuqua,techstars
185256,"PinMyPet",https://angel.co/pinmypet,500startups
185339,"Filament Labs",https://angel.co/filament-labs,techstars
186314,"Accountable",https://angel.co/accountable,techstars
186432,"Fosbury",https://angel.co/fosbury,techstars
187017,"Chronon Systems",https://angel.co/chronon-systems,alchemist-accelerator
187172,"AirCare",https://angel.co/aircare,dreamit-ventures
187546,"Binary Thumb",https://angel.co/binary-thumb,y-combinator
189481,"ProtoExchange",https://angel.co/protoexchange,techstars
189559,"Seratis",https://angel.co/seratis,dreamit-ventures
190642,"MyCoffeeBox",https://angel.co/mycoffeebox,500startups
190752,"Swapbox",https://angel.co/swapbox,y-combinator
191559,"ShopGo",https://angel.co/shopgo,500startups
191861,"Screenhero",https://angel.co/screenhero,y-combinator
192205,"Lollipuff",https://angel.co/lollipuff,y-combinator
192241,"Purple",https://angel.co/purple,alchemist-accelerator
192826,"Stratio",https://angel.co/stratio,alchemist-accelerator
193505,"Shiftr",https://angel.co/shiftr,500startups
194524,"Graft Concepts",https://angel.co/graft-concepts,y-combinator
195195,"Dropifi",https://angel.co/dropifi,500startups
195722,"QuanTemplate",https://angel.co/quantemplate,techstars
195754,"Memoir",https://angel.co/memoir,techstars
196042,"Shoe Lovers",https://angel.co/shoe-lovers,500startups
196051,"AppArchitect",https://angel.co/apparchitect,dreamit-ventures
196627,"Zaranga",https://angel.co/zaranga,y-combinator
198768,"Errplane",https://angel.co/errplane,y-combinator
198837,"sprout",https://angel.co/sprout-1,techstars
198969,"PillPack",https://angel.co/pillpack,techstars
198978,"coUrbanize",https://angel.co/courbanize,techstars
199193,"PayTango",https://angel.co/paytango,y-combinator
200284,"Seat 14A",https://angel.co/seat-14a,500startups
200444,"Favoritoys",https://angel.co/favoritoys,500startups
200720,"Seva Coffee",https://angel.co/seva-coffee,alchemist-accelerator
201133,"View The Space",https://angel.co/view-the-space,500startups
203104,"Miner",https://angel.co/miner,dreamit-ventures
204827,"TrulyWireless",https://angel.co/trulywireless,AngelPad
204855,"DroneDeploy",https://angel.co/dronedeploy,AngelPad
207748,"unda",https://angel.co/unda,500startups
207971,"Roominate",https://angel.co/roominate,startx
207988,"NativeAD",https://angel.co/nativead,500startups
209376,"Atlas",https://angel.co/atlas-1,techstars
210519,"Shopeando",https://angel.co/shopeando,500startups
211872,"LinkerFriend",https://angel.co/linkerfriend,500startups
212713,"Beatdeck",https://angel.co/beatdeck,y-combinator
213107,"nextstep.io",https://angel.co/nextstep-io,techstars
219524,"GigaBryte (formerly TinkerTags)",https://angel.co/gigabryte-formerly-tinkertags,startx
221934,"ShopBevel",https://angel.co/shopbevel,startx
221975,"Heroic.ly",https://angel.co/heroic-ly,techstars
223875,"Shopventory",https://angel.co/shopventory,techstars
223912,"Club Guaf",https://angel.co/club-guaf,500startups
224452,"Ranku",https://angel.co/ranku-2,techstars
225535,"Synch",https://angel.co/synch-2,techstars
228456,"DataFox",https://angel.co/datafox,startx
230842,"TouchBase Technologies",https://angel.co/touchbase-technologies,dreamit-ventures
232108,"StatusPage.io",https://angel.co/statuspage-io,y-combinator
236486,"Clinkle",https://angel.co/clinkle,startx
241523,"True Link Financial",https://angel.co/true-link-financial,y-combinator
242543,"SimplyInsured",https://angel.co/simplyinsured,y-combinator
243902,"CodeHS",https://angel.co/codehs,startx
244099,"Butter Systems",https://angel.co/butter-systems,y-combinator
245489,"Skip",https://angel.co/skip-3,startx
245814,"Amplitude",https://angel.co/amplitude-1,y-combinator
248798,"SimpleLegal",https://angel.co/simplelegal,y-combinator
249500,"Watchsend",https://angel.co/watchsend,y-combinator
250086,"Project Fixup",https://angel.co/project-fixup,techstars
250677,"Hackermeter",https://angel.co/hackermeter,y-combinator
252764,"Standard Treasury",https://angel.co/standard-treasury,y-combinator
253962,"One Month Rails",https://angel.co/one-month-rails-1,y-combinator
254795,"GoComm",https://angel.co/gocomm,y-combinator
257250,"Constant Insight",https://angel.co/constant-insight,dreamit-ventures
257975,"ixi-play by WittyWorX",https://angel.co/ixi-play-by-wittyworx,y-combinator
258348,"Casetext",https://angel.co/casetext,y-combinator
258816,"SoniTrack Systems",https://angel.co/sonitrack-systems,startx
261880,"MXD3D",https://angel.co/mxd3d,alchemist-accelerator
262984,"panOpen",https://angel.co/panopen,techstars
267654,"Chalk Schools",https://angel.co/chalk-schools-1,startx
