startup_id,name,url,incubator,markets
44,"Baydin",https://angel.co/baydin,techstars,"632,376"
112,"Graphicly",https://angel.co/graphicly,500startups,"14224,87,53,4"
119,"Appstores",https://angel.co/appstores,500startups,"1893,1146,10,3"
130,"eVenues",https://angel.co/evenues,500startups,"194,162,16"
160,"Wowzer",https://angel.co/wowzer-1,500startups,"468,42,12,10"
194,"BackType",https://angel.co/backtype,y-combinator,""
209,"Stormpulse",https://angel.co/stormpulse,500startups,"1925,367,198,10"
238,"Curios.me",https://angel.co/curios-me,500startups,"2613,490,349,205"
312,"StyleSeat",https://angel.co/styleseat,500startups,"435,308,162,50"
349,"mygola.com",https://angel.co/mygola-com,500startups,"1161,78"
537,"StepOut",https://angel.co/stepout,techstars,"8604,1067"
630,"Miso Media",https://angel.co/miso-media,500startups,"646,408,43,3"
674,"Gengo",https://angel.co/gengo-1,500startups,"1352,302,246"
684,"Leftronic",https://angel.co/leftronic,y-combinator,"13197,2800,97"
695,"72Lux",https://angel.co/72lux,500startups,"34,32,29,10"
720,"CardMunch",https://angel.co/cardmunch,500startups,"340,246,3"
787,"BoostCTR",https://angel.co/boostctr,500startups,"246,162,34"
813,"Humanoid (Acquired by CloudFactory)",https://angel.co/humanoid-acquired-by-cloudfactory,500startups,"246,200,42,38"
815,"StartupDigest",https://angel.co/startupdigest,500startups,"1181,87,43,4"
817,"TeliportMe",https://angel.co/teliportme,500startups,"1076,416,130"
820,"Breakthrough.com",https://angel.co/breakthrough-com,startx,"1103,175,162,13"
826,"DailyWorth",https://angel.co/dailyworth,500startups,""
859,"Relevvant",https://angel.co/relevvant,500startups,"686,205,198,6"
915,"FeeFighters",https://angel.co/feefighters,500startups,"340,71,29"
917,"InternMatch",https://angel.co/internmatch-2,500startups,"515,468,431,43"
979,"ScriptPad",https://angel.co/scriptpad,techstars,"175,13"
1003,"Crowdbooster",https://angel.co/crowdbooster,y-combinator,"198,52,6,4"
1023,"MindSnacks",https://angel.co/mindsnacks,500startups,"9912,269,43,41,3"
1074,"AllTrails",https://angel.co/alltrails,AngelPad,"772,230,94,3"
1124,"500 Startups",https://angel.co/500startups,500startups,"856"
1241,"Vastrm",https://angel.co/vastrm,y-combinator,"671,305,93,29"
1242,"AwayFind",https://angel.co/awayfind,500startups,"1341,632,113,3"
1248,"Bluefields",https://angel.co/bluefields,500startups,"73,6,3"
1249,"Forrst",https://angel.co/forrst,500startups,"332,181,6"
1266,"Influitive",https://angel.co/influitive,500startups,"1295,450,181,99"
1347,"Listia",https://angel.co/listia,y-combinator,"366,162,29"
1410,"GinzaMetrics",https://angel.co/ginzametrics,y-combinator,"51,34,10"
1464,"Yobble",https://angel.co/yobble,AngelPad,"1237,286,277,47"
1484,"9Slides",https://angel.co/9slides,500startups,"360,333,10,3"
1541,"Highlighter",https://angel.co/highlighter,techstars,"43"
1566,"Psykosoft",https://angel.co/psykosoft,techstars,"1414,464,6,4"
1639,"BizeeBee",https://angel.co/bizeebee,500startups,"340,113,107,45"
1675,"Evo",https://angel.co/evo,500startups,"198,57,38,3"
1680,"Punchd",https://angel.co/punchd,500startups,"443,388,379,224"
1682,"Iconfinder ",https://angel.co/iconfinder,500startups,"332,246,8"
1693,"GoodPeople",https://angel.co/goodpeople,500startups,"16414,419,230,6"
1748,"FullContact",https://angel.co/fullcontact,techstars,"663,302,6"
1790,"Quartzy",https://angel.co/quartzy,y-combinator,"162,12,9"
1796,"eSpark Learning",https://angel.co/espark-learning,500startups,"1469,360,10,3"
1812,"Proven",https://angel.co/proven,500startups,"641,468,162,3"
1856,"Zagster",https://angel.co/zagster,techstars,"1218,631,26"
1997,"Social Stork",https://angel.co/social-stork,500startups,"837,314,229"
2032,"Creative Market",https://angel.co/creative-market,y-combinator,"386,181,162,29"
2106,"Contently",https://angel.co/contently,techstars,"956,162,45,4"
2197,"Vayable",https://angel.co/vayable,y-combinator,"230,162,78,29"
2269,"Pick1",https://angel.co/pick1,500startups,"450,342,198,37"
2276,"Hipster",https://angel.co/hipster,techstars,"414,57,6,3"
2484,"Tip or Skip",https://angel.co/tip-or-skip,500startups,"230,94,29,3"
2489,"Rapportive",https://angel.co/rapportive,y-combinator,"1980,632"
2500,"Bloodhound",https://angel.co/bloodhound,500startups,"9557,309,42,3"
2506,"Binpress",https://angel.co/binpress,500startups,"1132,348,162,59"
2556,"FastCall",https://angel.co/fastcall,500startups,"309,51,42,12"
2744,"Motion Math",https://angel.co/motion-math,500startups,"320,43,14,3"
2752,"Fileboard",https://angel.co/fileboard,500startups,"309,83,10,3"
2787,"Privy",https://angel.co/privy,500startups,"673,419,340,10"
2831,"Simple Energy",https://angel.co/simple-energy,techstars,"1172,90,41,26"
2854,"Manpacks",https://angel.co/manpacks,500startups,"93,32,31,29"
2917,"LaunchRock",https://angel.co/launchrock,500startups,"51,10,6,1"
3033,"Chromatik",https://angel.co/chromatik,500startups,"419,47,43,3"
3204,"Toshl Finance",https://angel.co/toshl-finance,500startups,"2947,374,17,3"
3295,"DISQUS",https://angel.co/disqus,y-combinator,"269,181,6,4"
3296,"Kibin",https://angel.co/kibin,500startups,"419,246,43"
3336,"Craft Coffee",https://angel.co/craftcoffee,500startups,"1891,1445,31,29"
3463,"MogoTix",https://angel.co/mogotix,500startups,"604,388,3"
3473,"drchrono",https://angel.co/drchrono,y-combinator,"1258,360,277,19"
3494,"Nexercise",https://angel.co/nexercise,techstars,"1295,1258,418,3"
3502,"Tout",https://angel.co/tout,500startups,"632,340,113,51"
3678,"500friends",https://angel.co/500friends,y-combinator,"224,29,12,10"
3733,"Wishery",https://angel.co/wishery,AngelPad,"340,97,83,42"
4041,"Chute",https://angel.co/chute,y-combinator,"448,88,42,3"
4064,"PicCollage",https://angel.co/piccollage,500startups,"372,360,277,130"
4081,"BugHerd",https://angel.co/bugherd,500startups,"3127,1132,332,10"
4312,"The IdeaLists",https://angel.co/the-idealists,500startups,"468,181,34,6"
4374,"Zerply",https://angel.co/zerply,500startups,"2812,2572,1414,468"
4776,"Groupiter",https://angel.co/groupiter,500startups,"1262,1000,386,372"
4876,"HiGear",https://angel.co/higear-1,500startups,"230,10"
5580,"LessThan3",https://angel.co/lessthan3,startx,"290,230,41,4"
5599,"drumbi",https://angel.co/drumbi,500startups,"49,12,10,3"
5980,"PostRocket",https://angel.co/postrocket,500startups,"450,52,10,6"
6028,"Kicksend",https://angel.co/kicksend,y-combinator,"948,372,24,3"
6328,"LocBox",https://angel.co/locbox,500startups,"419,340,228,10"
6398,"RollSale",https://angel.co/rollsale,techstars,"2999,419,162,69"
6422,"Crittercism",https://angel.co/crittercism,AngelPad,"11700,1132,12,3"
6427,"Kismet",https://angel.co/kismet,AngelPad,"1000,157,6,3"
6446,"DailyCred",https://angel.co/dailycred,AngelPad,"629,198,52"
6468,"Welcu",https://angel.co/welcu,500startups,"16089,556,42,10"
6592,"Wattvision",https://angel.co/wattvision,y-combinator,"2678,198,90,52"
6618,"Mocavo",https://angel.co/mocavo,techstars,"198,67,6,1"
6657,"Days by Wander",https://angel.co/days-by-wander,techstars,"372,6,3"
6662,"Splash",https://angel.co/splash,AngelPad,"1076,372,277,228"
6702,"AngelList",https://angel.co/angellist,500startups,"15805,856,468,448"
7332,"tapviva",https://angel.co/tapviva,AngelPad,"1321,473,72,71"
7601,"Torbit (acquired by WalmartLabs)",https://angel.co/torbit-acquired-by-walmartlabs,500startups,"13197,198,123,54"
9434,"Teamly",https://angel.co/teamly,500startups,"641,12,10"
9580,"NetPlenish",https://angel.co/netplenish,500startups,"639,31,29"
9921,"SimpleReach ",https://angel.co/simplereach,AngelPad,"956,34,6,4"
10275,"imgix",https://angel.co/imgix,y-combinator,"8962,3127,123"
10310,"Gizmo",https://angel.co/gizmo,500startups,"686,12,10,3"
10855,"Vungle",https://angel.co/vungle,AngelPad,"339,205,34,3"
10908,"GroupTalent",https://angel.co/grouptalent,techstars,"841,601,468,162"
11369,"Scaffold",https://angel.co/scaffold,500startups,"12991,926,162,134"
11888,"Cloudability",https://angel.co/cloudability,techstars,"2009,306,38,10"
12106,"Ambassador ",https://angel.co/ambassador,techstars,"450,230,99,29"
12271,"Saygent",https://angel.co/saygent,500startups,"246,10,3"
12387,"Postmates",https://angel.co/postmates,AngelPad,"3107,631,323,162"
12694,"Wednesdays",https://angel.co/wednesdays,500startups,"1567,72,45,6"
12826,"iDoneThis",https://angel.co/idonethis,AngelPad,"376,311,12,10"
12882,"Sidewalk",https://angel.co/sidewalk,500startups,"340,309,198,50"
13076,"Rewardli",https://angel.co/rewardli,500startups,"340,162,29,10"
13090,"Spoondate",https://angel.co/spoondate,500startups,"419,57,3,1"
13097,"Symphony",https://angel.co/symphony-3,500startups,"450,340,10,6"
13152,"Visually",https://angel.co/visually,500startups,"241,198,162,51"
13274,"Firebase",https://angel.co/firebase,y-combinator,"11940,1132,149,123"
13309,"Conductrics",https://angel.co/conductrics,techstars,"449,302,198,52"
13320,"SourceNinja",https://angel.co/sourceninja,AngelPad,"62,59,12,10"
13844,"PlayVox",https://angel.co/playvox-1,alchemist-accelerator,"13197,1295,12,10"
13949,"MinoMonsters",https://angel.co/minomonsters,y-combinator,"490,408"
14239,"Mixpanel",https://angel.co/mixpanel,y-combinator,"2776,198,52,3"
14263,"Expresso",https://angel.co/expresso,y-combinator,"234,198,38,10"
14700,"Artsicle",https://angel.co/artsicle,500startups,"407,340,29,1"
15077,"SocialWire",https://angel.co/socialwire,500startups,"230,229,34,29"
15481,"OwnLocal",https://angel.co/ownlocal,y-combinator,"673,389,339,228"
15762,"WillCall",https://angel.co/willcall,500startups,"3068,2812,47"
16385,"Convore",https://angel.co/convore,y-combinator,"760,502,181,3"
16683,"YourMechanic",https://angel.co/yourmechanic,y-combinator,"162,69,29"
16828,"Farmeron",https://angel.co/farmeron,500startups,"2898,702,10"
16970,"LawGives",https://angel.co/lawgives,startx,"2613,1474,1145,1000"
17068,"Heyzap",https://angel.co/heyzap,y-combinator,"490,205,3"
17609,"Intercom",https://angel.co/intercom,500startups,"1331,657,83,12"
17973,"Spill",https://angel.co/spill,techstars,"1000,208,6,3"
18138,"MobileDevHQ",https://angel.co/mobiledevhq,techstars,"836,138,3"
18275,"Life360",https://angel.co/life360,500startups,"416,408,314,3"
18618,"Ribbon",https://angel.co/ribbon,AngelPad,"230,94,71,29"
18863,"Pipedrive",https://angel.co/pipedrive,AngelPad,"376,309,83,10"
18869,"LocalOn",https://angel.co/localon,y-combinator,"673,450,340,10"
18918,"Relevant",https://angel.co/relevant,500startups,"379,263,3,1"
18937,"Fitocracy",https://angel.co/fitocracy,500startups,"2540,1295,1103,3"
18966,"Fetchnotes",https://angel.co/fetchnotes,techstars,"376,311,198,3"
19037,"Deep Fried Manna",https://angel.co/deep-fried-manna,500startups,"490,238,14,4"
19119,"ActivityHero",https://angel.co/activityhero,500startups,"529,340,320,162"
19136,"Appswell",https://angel.co/appswell,techstars,"450,246,6,3"
19146,"WakeMate",https://angel.co/wakemate,y-combinator,"52,3"
19149,"Divvyshot",https://angel.co/divvyshot,y-combinator,"130"
19150,"OtherInbox",https://angel.co/otherinbox,500startups,"632"
19153,"Foodspotting (Part of OpenTable)",https://angel.co/foodspotting-part-of-opentable,500startups,"263,228,57,6"
19154,"Estately",https://angel.co/estately,500startups,"16"
19159,"Recurly",https://angel.co/recurly,500startups,"16090,71"
19168,"Udemy",https://angel.co/udemy,500startups,"2805,43,4"
19184,"Network",https://angel.co/network,500startups,"1181,1000,376,3"
19185,"UsingMiles",https://angel.co/usingmiles,techstars,"11557,355,224,78"
19194,"Hunie",https://angel.co/hunie,500startups,"12991,386,181,43"
19239,"Buyou",https://angel.co/buyou,AngelPad,"360,94,29,3"
19331,"LaunchBit",https://angel.co/launchbit,500startups,"632,339,51,34"
19338,"ShopWell (IDEO Spin-Out)",https://angel.co/shopwell-ideo-spin-out,startx,"1103,418,72"
19374,"MentorMob",https://angel.co/mentormob,techstars,"246,208,43,4"
19384,"Votizen",https://angel.co/votizen,500startups,"373,269"
19401,"RoundPegg",https://angel.co/roundpegg,techstars,"641,587,42,10"
19435,"FastCustomer",https://angel.co/fastcustomer,500startups,"836,277,198,3"
19563,"9GAG",https://angel.co/9gag,y-combinator,"1262,956,6"
19612,"Habit Labs",https://angel.co/habit-labs,y-combinator,"1103,418,41,3"
19671,"Chartio",https://angel.co/chartio,y-combinator,"45,42,12,10"
19672,"Cognection",https://angel.co/cognection,dreamit-ventures,"635,410,226,29"
19755,"The RealReal",https://angel.co/the-realreal,500startups,"553,334,93,29"
19899,"WeddingLovely",https://angel.co/weddinglovely,500startups,"11774,555,553,386"
19928,"42Floors",https://angel.co/42floors,y-combinator,"9708,162,16,1"
19935,"Xola",https://angel.co/xola,startx,"348,308,83,10"
19982,"Ark",https://angel.co/ark,y-combinator,"668,269,67,6"
20011,"Libboo",https://angel.co/libboo,techstars,"450,87,6,4"
20026,"Hipset",https://angel.co/hipset,y-combinator,"11146,1325,339,11"
20249,"LookAcross",https://angel.co/lookacross,500startups,"340,309,51,12"
20331,"Amicus",https://angel.co/amicus,y-combinator,"427,324,208,10"
20332,"MediaSpike",https://angel.co/mediaspike,500startups,"490,339,205,41"
20336,"Mile High Organics",https://angel.co/mile-high-organics,500startups,"1103,419,72,29"
20520,"Culture Kitchen",https://angel.co/culture-kitchen,500startups,"12991,12088,1891,4"
20524,"Bia",https://angel.co/bia,500startups,"553,286,107,93"
20637,"Open Air Publishing",https://angel.co/open-air-publishing,500startups,"1884,956,360,43"
20715,"Coderbuddy",https://angel.co/coderbuddy,500startups,"3127,1132,409,38"
20788,"oneforty",https://angel.co/oneforty,techstars,"269,12,10,6"
20898,"Loku",https://angel.co/loku,500startups,"228,57,52,3"
20917,"Promoboxx",https://angel.co/promoboxx,techstars,"686,450,379,81"
20944,"Tinfoil Security",https://angel.co/tinfoil-security,500startups,"340,123,62,10"
21031,"Chalkable",https://angel.co/chalkable,500startups,"9600,1469,449"
21042,"SendHub",https://angel.co/sendhub,y-combinator,"340"
21047,"Console.fm",https://angel.co/console-fm,500startups,"47,6"
21048,"Curebit",https://angel.co/curebit,500startups,"230,29,12"
21073,"Apptentive",https://angel.co/apptentive,techstars,"836,449,10,3"
21199,"Classtivity",https://angel.co/classtivity,techstars,"1103,419,162,107"
21211,"MightBuy",https://angel.co/mightbuy,AngelPad,"82755,1980,686,419"
21214,"Babelverse",https://angel.co/babelverse,500startups,"1352,246,162,149"
21272,"ShowMe",https://angel.co/showme,dreamit-ventures,"43,3,1"
21301,"Appstack",https://angel.co/appstack,500startups,"340,228,205,3"
21312,"Cake Health",https://angel.co/cake-health,500startups,"1103,418,13"
21517,"Ginger.io",https://angel.co/ginger-io,techstars,"13197,1258,418,175"
21584,"EveryMove",https://angel.co/everymove,techstars,"2540,208,175,1"
21594,"Shopsy",https://angel.co/shopsy,techstars,"282,230,198,29"
21604,"Buffer",https://angel.co/buffer,AngelPad,"376,207,6"
21618,"SpotRight",https://angel.co/spotright,techstars,"657,587,198,82"
21770,"Cadee",https://angel.co/cadee,500startups,"340,73,6,3"
21778,"Geekatoo",https://angel.co/geekatoo,500startups,"529,419,230,162"
21821,"MeMeTales",https://angel.co/memetales,500startups,"9912,481,87,3"
21834,"Bunndle",https://angel.co/bunndle,500startups,"205,36"
21877,"From.Us",https://angel.co/from-us,500startups,"12043,10483,230,29"
21891,"AppGrooves",https://angel.co/appgrooves,500startups,"2743,277,3"
21896,"Glider",https://angel.co/glider,y-combinator,"632,376,157"
21969,"Senexx",https://angel.co/senexx,techstars,"13197,2050,521,283"
22038,"Rentlord",https://angel.co/rentlord,500startups,"2613,269,230,16"
22246,"Everpix",https://angel.co/everpix,500startups,"372,130,3"
22249,"Flextrip",https://angel.co/flextrip,techstars,"11774,9100,1161,78"
22287,"Crowdtilt",https://angel.co/crowdtilt,y-combinator,"3010,427,230"
22320,"LVL6",https://angel.co/lvl6,y-combinator,"490,41"
22458,"HighScore House",https://angel.co/highscore-house,500startups,"481,314,29,14"
22663,"GazeHawk",https://angel.co/gazehawk,y-combinator,"1183,400,342,34"
22679,"Stereotypes",https://angel.co/stereotypes,dreamit-ventures,"1429,33,4,3"
22776,"Unbounce",https://angel.co/unbounce,500startups,"450,51,34"
22799,"PayByGroup",https://angel.co/paybygroup,500startups,"918,230,71,29"
22937,"Lua ",https://angel.co/lua-1,techstars,"370,311,12,10"
22940,"Chorus",https://angel.co/chorus,500startups,"1331,52,51,10"
23064,"Picplum",https://angel.co/picplum,500startups,"948,372,33,3"
23102,"Keen IO",https://angel.co/keen-io,techstars,"1132,302,52,38"
23140,"Stupeflix",https://angel.co/stupeflix,500startups,"409,33,3"
23157,"simplehoney",https://angel.co/simplehoney,500startups,"230,94,29"
23205,"Empreware",https://angel.co/empreware,500startups,"2947,841,340,10"
23227,"Jebbit",https://angel.co/jebbit,techstars,"1325,36,34,4"
23238,"Eventup",https://angel.co/eventup,500startups,"1567,556,419,162"
23290,"Mortar Data",https://angel.co/mortar-data,techstars,"409,198,38,12"
23418,"TouristEye",https://angel.co/touristeye,500startups,"1076,836,78,3"
23427,"TurnStar",https://angel.co/turnstar,500startups,"263,224,83,3"
23479,"GoVoluntr",https://angel.co/govoluntr,500startups,"1582,1103,269,208"
23577,"CompStak",https://angel.co/compstak,500startups,"9708,198,162,12"
23761,"Waygo",https://angel.co/waygo,500startups,"1352,1161,1054,3"
23792,"EverTrue",https://angel.co/evertrue,techstars,"1226,43,10,3"
23877,"Spinnakr",https://angel.co/spinnakr,500startups,"13197,52,51,42"
23914,"Triptrotting",https://angel.co/triptrotting,500startups,"1161,162"
23967,"viaCycle",https://angel.co/viacycle,y-combinator,"12991,1218,419,134"
24067,"Distil Networks",https://angel.co/distil-networks,techstars,"14791,8962,628,38"
24069,"Bench",https://angel.co/bench,techstars,"585,340,17,10"
24153,"GoSpotCheck",https://angel.co/gospotcheck,500startups,"379,52,12,3"
24196,"Ridejoy",https://angel.co/ridejoy,y-combinator,"12991,631,419,162"
24232,"Hall",https://angel.co/hall,AngelPad,"370,311,38,12"
24366,"Chasm.io",https://angel.co/chasm-io,AngelPad,"8962,1259,450,339"
24398,"Issue",https://angel.co/issue,AngelPad,"94,93,87,29"
24412,"Tailored",https://angel.co/tailored,500startups,"1432,1259,587,553"
24416,"Vidmaker",https://angel.co/vidmaker,techstars,"311,293,33"
24432,"Marquee",https://angel.co/marquee,techstars,"8962,230,87,4"
24442,"JyMob",https://angel.co/jymob,alchemist-accelerator,"641,468,12,10"
24469,"Tiny Post",https://angel.co/tiny-post,500startups,"57,6,3"
24491,"LinkCycle",https://angel.co/linkcycle,techstars,"2800,773,48,12"
24507,"Codeship",https://angel.co/codeship,techstars,"1132,10"
24541,"PageLever",https://angel.co/pagelever,y-combinator,"52,51,10,6"
24583,"Rapt Media",https://angel.co/rapt-media-1,techstars,"33,4,3"
24587,"Roobiq",https://angel.co/roobiq,AngelPad,"370,309,83,3"
24678,"MoPub",https://angel.co/mopub,AngelPad,"205"
24738,"Bespoke Post",https://angel.co/bespoke-post,500startups,"1891,93,32,29"
24856,"GymPact",https://angel.co/gympact,techstars,"1258,1103,107,3"
24944,"ElasticBox",https://angel.co/elasticbox,AngelPad,"10494,306,38,12"
24963,"SalesLoft",https://angel.co/salesloft,techstars,"1107,309,42,10"
25024,"FaithStreet",https://angel.co/faithstreet,techstars,"1000,473,324,238"
25025,"Talkdesk",https://angel.co/talkdesk,500startups,"1331,710,340,10"
25065,"Retailigence",https://angel.co/retailigence,500startups,"13197,673,32,12"
25092,"DataRank",https://angel.co/datarank,y-combinator,"342,198,97"
25189,"Safe Shepherd",https://angel.co/safe-shepherd,500startups,"926,712,629,460"
25293,"Authy",https://angel.co/authy,y-combinator,"2596,798,62,3"
25294,"CoachUp",https://angel.co/coachup,techstars,"162,73,43"
25306,"Dashbell ",https://angel.co/dashbell,techstars,"409,348,78,10"
25353,"WhoAPI",https://angel.co/whoapi,500startups,"13332,11048,415,302"
25359,"Adioso",https://angel.co/adioso,y-combinator,"1161,78"
25441,"Storie",https://angel.co/storie,AngelPad,"3092,552,269,3"
25497,"Switchcam",https://angel.co/switchcam,500startups,"556,246,52,33"
25513,"Contactually",https://angel.co/contactually,500startups,"632,113,83,51"
25518,"Clipabout",https://angel.co/clipabout-1,AngelPad,"230,33,29,6"
25519,"LendFriend",https://angel.co/lendfriend,AngelPad,"2947,321,230,17"
25528,"Heyo",https://angel.co/heyo,500startups,"450,269,10,6"
25544,"RolePoint",https://angel.co/rolepoint,AngelPad,"468,431,10,6"
25577,"ShopLogic",https://angel.co/shoplogic,AngelPad,"198,34,29,12"
25635,"Frugalo",https://angel.co/frugalo,AngelPad,"424,230,174,94"
25717,"MoPix",https://angel.co/mopix,500startups,"1893,85,53,33"
25954,"Matterport",https://angel.co/matterport,y-combinator,"15540,1183,680,595"
25976,"Storypanda",https://angel.co/storypanda,500startups,"87,43,4"
25989,"BrandBoards",https://angel.co/brandboards,500startups,"3117,339,162,34"
26003,"Smore",https://angel.co/smore,techstars,"3127,332,51,1"
26090,"ContaAzul",https://angel.co/contaazul,500startups,"585,340,321,10"
26102,"LOOKK",https://angel.co/lookk,500startups,"348,230,93,29"
26108,"Rota dos Concursos",https://angel.co/rota-dos-concursos,500startups,"43"
26118,"Love With Food",https://angel.co/love-with-food,500startups,"419,342,208,29"
26160,"Koemei ",https://angel.co/koemei,500startups,"67,43,33"
26167,"Pocket Tales",https://angel.co/pocket-tales,dreamit-ventures,"11537,9912,1469,721"
26179,"Happy Inspector",https://angel.co/happy-inspector,500startups,"1506,615,16,3"
26190,"MixRank",https://angel.co/mixrank,y-combinator,"198,34,10,4"
26348,"TapCanvas",https://angel.co/tapcanvas,500startups,"836,94,3"
26394,"Condition One",https://angel.co/condition-one,techstars,"836,360,33,3"
26411,"Club W",https://angel.co/club-w,500startups,"1891,162,132,29"
26432,"Murfie",https://angel.co/murfie,techstars,"419,162,47,4"
26523,"Shareaholic",https://angel.co/shareaholic,500startups,"376,87,34,6"
26683,"ShuttleCloud",https://angel.co/shuttlecloud,techstars,"2009,632,306,198"
26775,"Bondsy",https://angel.co/bondsy,techstars,"12991,1000,230,94"
26883,"Poptip",https://angel.co/poptip,techstars,"450,269,198,52"
26942,"Meal Ticket",https://angel.co/meal-ticket,techstars,"263,72,51,10"
27033,"Romotive",https://angel.co/romotive-2,techstars,"9912,449,91"
27048,"Foodzie",https://angel.co/foodzie,techstars,"1891,72,29,1"
27096,"Zeppelin",https://angel.co/zeppelin,techstars,"2800,42,10,3"
27175,"The Muse",https://angel.co/the-muse-1,y-combinator,"1543,468,410,4"
27212,"BISON",https://angel.co/bison,techstars,"856,42,17,4"
27216,"Hapyrus",https://angel.co/hapyrus,500startups,"2009,198,38,12"
27490,"Fieldwire",https://angel.co/fieldwire,AngelPad,"982,680,370,10"
27572,"Tello, creators of PassTools",https://angel.co/tello-creators-of-passtools,500startups,"443,224,205,3"
27573,"GeoPalz",https://angel.co/geopalz,techstars,"1295,481,277,107"
27830,"Automatic",https://angel.co/automatic,y-combinator,"11826,198,69,3"
27869,"Plivo",https://angel.co/plivo,y-combinator,"10494,901,302,49"
27942,"Spotsetter",https://angel.co/spotsetter,AngelPad,"105365,668,460,198"
28064,"TrustEgg",https://angel.co/trustegg,y-combinator,"1468,321,320,17"
28118,"Pixowl",https://angel.co/pixowl,500startups,"590,490,100,41"
28208,"Tutorspree",https://angel.co/tutorspree,y-combinator,"2012,162,43"
28225,"Microryza",https://angel.co/microryza,y-combinator,"3010,208"
28390,"HD Trade Services",https://angel.co/hd-trade-services,y-combinator,"1545,29,12"
28471,"SocialPandas",https://angel.co/socialpandas,alchemist-accelerator,"1980,309,12,10"
28474,"Frame",https://angel.co/frame,techstars,"615,360,94,29"
28625,"Soldsie",https://angel.co/soldsie,500startups,"32,29,6,3"
28824,"Circl",https://angel.co/circl,AngelPad,"673,419,10"
29008,"Circle",https://angel.co/circle,500startups,"11940,1132,38,10"
29047,"DoubleRecall",https://angel.co/doublerecall,y-combinator,"686,339,205,87"
29049,"Grove",https://angel.co/grove,y-combinator,"760,311,149,59"
29096,"DealAngel",https://angel.co/dealangel,techstars,"13197,424,355,78"
29295,"Mimoona (Dreamit S2013)",https://angel.co/mimoona-dreamit-s2013,dreamit-ventures,"246,93,42,29"
29381,"Geckoboard",https://angel.co/geckoboard,500startups,"149,52,42,10"
29398,"alex+von",https://angel.co/alex-von,500startups,"553,419,230,29"
29428,"Tie Society",https://angel.co/tie-society,500startups,"101078,13104,13081,93,32,29"
29586,"Diffbot",https://angel.co/diffbot,startx,"1183,668,449,302"
29741,"Karma",https://angel.co/karma,techstars,"494,49,3"
29798,"CallGrader",https://angel.co/callgrader,dreamit-ventures,"340,97,10,1"
29984,"Spotivate",https://angel.co/spotivate-1,AngelPad,"481,419,320,314"
30009,"Kwelia",https://angel.co/kwelia,dreamit-ventures,"13197,1506,1470,226"
30069,"SnowShoe Stamp",https://angel.co/snowshoe-stamp,techstars,"2554,1132,94,7"
30459,"TwitMusic",https://angel.co/twitmusic,500startups,"269,52,47,10"
30468,"LeanMarket",https://angel.co/leanmarket,y-combinator,"339,205,35,34"
30557,"Chewse",https://angel.co/chewse,500startups,"419,162,29"
30626,"Uvize",https://angel.co/uvize,techstars,"1056,895,43"
30767,"Moveline",https://angel.co/moveline,techstars,"2484,529,410,50"
31113,"ROXIMITY",https://angel.co/roximity,techstars,"228,198,57,3"
31196,"Nveloped",https://angel.co/nveloped,techstars,"632,175,62,17"
31319,"Eligible",https://angel.co/eligible,y-combinator,"1132,449,302,175"
31409,"Vanilla Forums",https://angel.co/vanilla-forums,techstars,"269,181,6"
31417,"Rewind.Me",https://angel.co/rewind-me,techstars,"2800,460,339,198"
31465,"Scoutzie",https://angel.co/scoutzie,y-combinator,"386,162,67,3"
31581,"HaveMyShift",https://angel.co/havemyshift,techstars,"1567,57"
31606,"DermLink",https://angel.co/dermlink,startx,"43668,1258,418,175"
31626,"Like.fm",https://angel.co/like-fm,y-combinator,"47"
31676,"MyHealthTeams",https://angel.co/myhealthteams,500startups,"13,6,1"
31762,"Bridge",https://angel.co/bridge-2,y-combinator,"157,149,12"
31803,"Doccaster",https://angel.co/doccaster-1,dreamit-ventures,"556,198,52,50"
31833,"Dabee",https://angel.co/dabee,500startups,"230,29"
31846,"BrightNest",https://angel.co/brightnest,500startups,"9002,1720,16"
31850,"Rezora",https://angel.co/rezora,techstars,"657,430,16"
31917,"Timbuktu Labs",https://angel.co/timbuktu-labs,500startups,"481,43,4,3"
31948,"Pickie",https://angel.co/pickie,techstars,"360,94,29,4"
32023,"280 North",https://angel.co/280-north,y-combinator,""
32042,"Appbistro",https://angel.co/appbistro,500startups,""
32043,"Appjet",https://angel.co/appjet,y-combinator,""
32090,"Epic Playground",https://angel.co/epic-playground,techstars,"157,149,52,4"
32106,"Clickpass",https://angel.co/clickpass,y-combinator,""
32122,"Dailybooth",https://angel.co/dailybooth,y-combinator,""
32123,"DailyBurn",https://angel.co/dailyburn,techstars,""
32137,"Devver",https://angel.co/devver,techstars,""
32170,"FanBridge",https://angel.co/fanbridge,500startups,"1980,657,450,83"
32177,"Filtrbox",https://angel.co/filtrbox,techstars,""
32216,"Hello Chair",https://angel.co/hello-chair,y-combinator,""
32217,"Heroku",https://angel.co/heroku,y-combinator,""
32225,"Hug Energy",https://angel.co/hug-energy,AngelPad,""
32233,"Intense Debate",https://angel.co/intense-debate,techstars,""
32244,"Justin.tv",https://angel.co/justin-tv,y-combinator,""
32318,"Next Big Sound",https://angel.co/next-big-sound,techstars,"198,52,47"
32327,"Omnisio",https://angel.co/omnisio,y-combinator,""
32328,"OneSpot",https://angel.co/onespot,500startups,""
32364,"Poll Everywhere",https://angel.co/poll-everywhere,y-combinator,"761,333,149,3"
32366,"Posterous",https://angel.co/posterous,y-combinator,""
32392,"RethinkDB",https://angel.co/rethinkdb,y-combinator,""
32403,"Scribd",https://angel.co/scribd,y-combinator,""
32409,"SendGrid",https://angel.co/sendgrid-1,techstars,"10494,10"
32435,"Smule",https://angel.co/smule,500startups,""
32437,"Sniply",https://angel.co/sniply,AngelPad,""
32452,"Songkick",https://angel.co/songkick,y-combinator,"47"
32477,"TaskRabbit",https://angel.co/taskrabbit,500startups,""
32502,"Tsumobi",https://angel.co/tsumobi,y-combinator,""
32509,"Twilio",https://angel.co/twilio,500startups,"302,103"
32543,"Xobni",https://angel.co/xobni,y-combinator,""
32566,"CardPool",https://angel.co/cardpool,y-combinator,"10483"
32572,"Simple",https://angel.co/simple,500startups,"2947,1468,374,321"
32579,"Hipmunk",https://angel.co/hipmunk,y-combinator,""
32588,"ADstruc",https://angel.co/adstruc,techstars,"2507,34"
32589,"Kapost",https://angel.co/kapost,techstars,""
32603,"1000Memories",https://angel.co/1000memories,y-combinator,""
32606,"PagerDuty",https://angel.co/pagerduty,y-combinator,"11700,12,10"
32616,"Bump Technologies",https://angel.co/bump-technologies,y-combinator,""
32631,"Etacts",https://angel.co/etacts,y-combinator,""
32654,"Crocodoc",https://angel.co/crocodoc,y-combinator,"11317,302,12"
32655,"Nowmov",https://angel.co/nowmov,y-combinator,""
32665,"Medialets",https://angel.co/medialets,500startups,"205"
32667,"Dropbox",https://angel.co/dropbox,y-combinator,"471"
32677,"Airbnb",https://angel.co/airbnb,y-combinator,"162,78"
32683,"Zencoder",https://angel.co/zencoder,y-combinator,""
32694,"Wildfire Interactive",https://angel.co/wildfire-interactive,500startups,""
32695,"Flowtown",https://angel.co/flowtown,500startups,""
32717,"Marginize",https://angel.co/marginize,techstars,"124087,8962,1259,956"
32743,"AccelGolf",https://angel.co/accelgolf,techstars,""
32748,"Cloudant",https://angel.co/cloudant,y-combinator,"3127,252,198,38"
32756,"RescueTime",https://angel.co/rescuetime,y-combinator,""
32771,"WePay",https://angel.co/wepay,y-combinator,"11557,71"
32877,"CrowdTwist",https://angel.co/crowdtwist,techstars,"224"
32934,"Opzi",https://angel.co/opzi,y-combinator,""
33100,"GroupSpaces",https://angel.co/groupspaces,500startups,"16089,11390,430"
33237,"Fanvibe",https://angel.co/fanvibe,y-combinator,""
33397,"ZOZI",https://angel.co/zozi,500startups,""
33521,"Brainient",https://angel.co/brainient,500startups,""
33550,"Brightkite",https://angel.co/brightkite,techstars,""
33687,"Payvment",https://angel.co/payvment,500startups,""
33930,"GrabCAD",https://angel.co/grabcad,techstars,"57277,311,181"
33942,"Zecter",https://angel.co/zecter,y-combinator,""
33952,"Weebly",https://angel.co/weebly,y-combinator,"2548"
34057,"Clustrix",https://angel.co/clustrix,y-combinator,""
34097,"E la Carte",https://angel.co/e-la-carte,y-combinator,""
34103,"Simperium",https://angel.co/simperium,y-combinator,""
34351,"Lightbox",https://angel.co/lightbox,500startups,""
35009,"Deal Co-op",https://angel.co/deal-co-op,techstars,""
35670,"Futureadvisor",https://angel.co/futureadvisor,y-combinator,""
35767,"Nestio",https://angel.co/nestio,techstars,""
35849,"Aerofs",https://angel.co/aerofs,y-combinator,""
35897,"Makerbot",https://angel.co/makerbot,500startups,""
36033,"Ninite",https://angel.co/ninite,y-combinator,""
36035,"Blue Frog Gaming",https://angel.co/blue-frog-gaming,y-combinator,""
36036,"Bountii",https://angel.co/bountii,y-combinator,""
36038,"Fathomdb",https://angel.co/fathomdb,y-combinator,""
36039,"Anywhere.fm",https://angel.co/anywhere-fm,y-combinator,""
36040,"Draftmix",https://angel.co/draftmix,y-combinator,""
36041,"Foodoro",https://angel.co/foodoro,y-combinator,""
36044,"Tipjoy",https://angel.co/tipjoy,y-combinator,""
36193,"Loopt",https://angel.co/loopt,y-combinator,""
36399,"Jobaphiles",https://angel.co/jobaphiles,dreamit-ventures,""
36406,"Tapinko",https://angel.co/tapinko,dreamit-ventures,""
36407,"Three Screen Games",https://angel.co/three-screen-games,dreamit-ventures,""
36408,"Vuzit",https://angel.co/vuzit,dreamit-ventures,""
36651,"Socialsci",https://angel.co/socialsci,techstars,""
36705,"Republic Project",https://angel.co/republic-project,500startups,"686,205,10,3"
36765,"410 Labs",https://angel.co/410-labs,500startups,"632,414,157"
36817,"Onswipe",https://angel.co/onswipe,techstars,""
37323,"ZeroCater",https://angel.co/zerocater,y-combinator,"340,263,51,12"
37483,"Venuetastic",https://angel.co/venuetastic,y-combinator,""
37522,"Inporia",https://angel.co/inporia,y-combinator,""
37549,"Backyard",https://angel.co/backyard,500startups,""
37918,"Sitejabber",https://angel.co/sitejabber,500startups,""
38003,"Venuetastic.com",https://angel.co/venuetastic-com,y-combinator,""
38027,"Frogmetrics",https://angel.co/frogmetrics,y-combinator,""
38073,"Apsalar",https://angel.co/apsalar,500startups,""
38752,"Socialthing",https://angel.co/socialthing,techstars,""
39027,"Apportable",https://angel.co/apportable,y-combinator,"1132,490,416,409"
39284,"Aslan Computing",https://angel.co/aslan-computing,500startups,""
39581,"Catchfree",https://angel.co/catchfree,500startups,""
39946,"140Fire",https://angel.co/140fire,y-combinator,""
40356,"OneTrueFan",https://angel.co/onetruefan,500startups,""
40446,"IntenseDebate",https://angel.co/intensedebate,techstars,""
40574,"MemSQL",https://angel.co/memsql,y-combinator,"252,12"
40934,"ThinkNear",https://angel.co/thinknear,techstars,""
41094,"Buxfer",https://angel.co/buxfer,y-combinator,""
41324,"eLacarte",https://angel.co/elacarte,500startups,""
42274,"Kinvey",https://angel.co/kinvey,techstars,"10494,1132,10,3"
42511,"Help Scout",https://angel.co/help-scout,techstars,"11390,1331,710,83"
43503,"Reddit",https://angel.co/reddit,y-combinator,"1556"
43617,"Shelby.TV",https://angel.co/shelby-tv,techstars,""
43664,"Affinity China",https://angel.co/affinity-china,500startups,"16423,9100,1000,29"
44559,"15Five",https://angel.co/15five,500startups,"641,468,311,12"
44849,"Placester",https://angel.co/placester,techstars,"16"
45495,"Grubwithus",https://angel.co/grubwithus,y-combinator,""
45978,"FiveStars",https://angel.co/fivestars,y-combinator,"340,224"
46361,"Kiwi Crate",https://angel.co/kiwi-crate,500startups,""
47730,"Appstores.com",https://angel.co/appstores-com,500startups,""
48212,"Ordr.In",https://angel.co/ordr-in,techstars,""
49455,"Occipital",https://angel.co/occipital,techstars,"4,3"
49456,"Parse",https://angel.co/parse,y-combinator,""
49704,"EventVue",https://angel.co/eventvue,techstars,""
49773,"Brightwurks",https://angel.co/brightwurks,techstars,""
50462,"Anyvite",https://angel.co/anyvite,y-combinator,""
50647,"reMail",https://angel.co/remail,y-combinator,""
51231,"MarketBrief",https://angel.co/marketbrief,y-combinator,""
51405,"Auctomatic",https://angel.co/auctomatic,y-combinator,""
51504,"HyperInk",https://angel.co/hyperink,startx,""
51645,"Jeeran",https://angel.co/jeeran,500startups,"410,246,228,3"
51938,"MessageParty",https://angel.co/messageparty,y-combinator,"157,57,3"
52123,"ReTel Technologies",https://angel.co/retel-technologies,techstars,""
52538,"AgileMD",https://angel.co/agilemd,y-combinator,"175"
52573,"Game Closure",https://angel.co/game-closure,startx,""
52721,"Science Exchange",https://angel.co/science-exchange,y-combinator,"581,162"
52745,"Tagstand",https://angel.co/tagstand,y-combinator,"2414,416,376,3"
53145,"Snapjoy",https://angel.co/snapjoy,y-combinator,"372,130"
53353,"Aisle50",https://angel.co/aisle50,y-combinator,""
53538,"VivaReal",https://angel.co/vivareal,500startups,""
53964,"Rollcall",https://angel.co/rollcall,AngelPad,""
54099,"Gizmo.com",https://angel.co/gizmo-com,500startups,""
54146,"Connected",https://angel.co/connected,500startups,"663"
54155,"ChompOn",https://angel.co/chompon,startx,""
54312,"Sift Science",https://angel.co/sift-science,y-combinator,"570,198,92,10"
54420,"Favo.rs",https://angel.co/favo-rs,techstars,""
54786,"AKSEL PARIS",https://angel.co/aksel-paris,500startups,""
55100,"Visual.ly",https://angel.co/visual-ly,500startups,""
55797,"Olark",https://angel.co/olark,y-combinator,""
56239,"SocialEngine",https://angel.co/socialengine,techstars,""
57028,"Codecademy",https://angel.co/codecademy,y-combinator,""
57227,"HeyKiki",https://angel.co/heykiki,dreamit-ventures,""
57911,"GraffitiGeo",https://angel.co/graffitigeo,y-combinator,""
58059,"Kippt",https://angel.co/kippt,y-combinator,"376,337,311,302"
58611,"Yogome",https://angel.co/yogome,500startups,"1469,490,481,43"
58819,"Dispatch",https://angel.co/dispatch,techstars,""
58919,"Lumatic",https://angel.co/lumatic,techstars,""
60577,"lark technologies",https://angel.co/lark-technologies,startx,"13764,1258,1103,286"
61157,"Mertado",https://angel.co/mertado,y-combinator,""
61232,"InboxQ",https://angel.co/inboxq,y-combinator,""
61263,"Ubersense",https://angel.co/ubersense,techstars,"1103,73,4,3"
61444,"Mogotest",https://angel.co/mogotest,techstars,""
62150,"Mobileworks",https://angel.co/mobileworks,y-combinator,"601,340,208,12"
62234,"ZipDial",https://angel.co/zipdial,500startups,"8604,1968,634"
62639,"Chirpme.com",https://angel.co/chirpme-com,500startups,""
64214,"GetGoing",https://angel.co/getgoing,y-combinator,"78"
64339,"Cashie Commerce",https://angel.co/cashie-commerce,500startups,"340,29,10"
64430,"Curious Hat",https://angel.co/curious-hat,500startups,"9912,1469,43,3"
64574,"madKast",https://angel.co/madkast,techstars,""
64699,"PayrollHero",https://angel.co/payrollhero,500startups,"340,42,10"
64807,"Peatix",https://angel.co/peatix,500startups,""
64924,"Runnable",https://angel.co/runnable,AngelPad,"3127,1132,836,302"
65209,"Academize",https://angel.co/academize,AngelPad,"11600,43,33"
65382,"Cambrian Genomics",https://angel.co/cambrian-genomics,alchemist-accelerator,"13764,2389,95,2"
65563,"gazeMetrix ",https://angel.co/gazemetrix-1,500startups,"2800,686,52,6"
65593,"Zenter",https://angel.co/zenter,y-combinator,""
65640,"Fontacto",https://angel.co/fontacto,500startups,"340,103,49,10"
65735,"A Thinking Ape",https://angel.co/a-thinking-ape,y-combinator,"490,41,3"
65781,"Boosted Boards",https://angel.co/boosted-boards,y-combinator,"399,287,286"
66253,"LaunchGram",https://angel.co/launchgram,500startups,"1556,1033"
66690,"Motives",https://angel.co/motives,500startups,"407,230,181"
66827,"LE TOTE",https://angel.co/le-tote,y-combinator,"12991,230,93,29"
67109,"Sverve",https://angel.co/sverve,500startups,"450,162,34,10"
67354,"peerTransfer",https://angel.co/peertransfer,500startups,"2813,71,43"
67548,"BuildZoom",https://angel.co/buildzoom,y-combinator,"1720,1280,228,162"
67672,"Markupwand",https://angel.co/markupwand,y-combinator,"3127,332"
68919,"RentHop",https://angel.co/renthop,y-combinator,"13081,10167,1506,16"
69281,"mor.sl",https://angel.co/mor-sl,dreamit-ventures,"29,4,1"
69595,"ShareBloc",https://angel.co/sharebloc,500startups,"1259,50,42,12"
69763,"Priceonomics",https://angel.co/priceonomics,y-combinator,"587,230,198,1"
69943,"Tomo",https://angel.co/tomo,y-combinator,"416,277,78,3"
70379,"Mayvenn",https://angel.co/mayvenn,500startups,"435,230,94,29"
70538,"BufferBox",https://angel.co/bufferbox,y-combinator,"1545,29"
70816,"AirPR",https://angel.co/airpr,500startups,"1033"
70849,"Ad Hoc Labs",https://angel.co/ad-hoc-labs,500startups,"663,277,103,3"
71006,"Wanderable",https://angel.co/wanderable,500startups,"3010,1076,555,230"
71558,"mom trusted ",https://angel.co/mom-trusted,500startups,"12703,529,320,162"
71679,"tic",https://angel.co/tic,500startups,"2811,673,230,94"
71892,"CarWoo!",https://angel.co/carwoo-2,y-combinator,""
71895,"Simple Finance Technology Corp",https://angel.co/simple-finance-technology-corp,500startups,""
71900,"Ignighter",https://angel.co/ignighter,techstars,""
71939,"Nowbox",https://angel.co/nowbox,y-combinator,""
71989,"AdGrok",https://angel.co/adgrok,y-combinator,""
71990,"Versly",https://angel.co/versly,500startups,""
72022,"webmynd",https://angel.co/webmynd,y-combinator,""
72047,"Enernetics",https://angel.co/enernetics,y-combinator,""
72048,"Voxli",https://angel.co/voxli,y-combinator,""
72109,"GoChime",https://angel.co/gochime,techstars,"2581"
72121,"Infinity Box",https://angel.co/infinity-box,y-combinator,""
72168,"AppSocially",https://angel.co/appsocially,500startups,"450,52,3"
72266,"Sandglaz",https://angel.co/sandglaz,techstars,"982,376,10"
72414,"Regalii",https://angel.co/regalii,y-combinator,"634,473,208"
72989,"Verdigris Technologies",https://angel.co/verdigris-technologies,startx,"13197,90,26,12"
73215,"Lexity",https://angel.co/lexity,500startups,"340,138,34,29"
73437,"FanChatter",https://angel.co/fanchatter,y-combinator,"3117,73,53,6"
74754,"Instamojo",https://angel.co/instamojo-1,500startups,"230,71,29"
74990,"userfox",https://angel.co/userfox,y-combinator,"2429,657,198,10"
75737,"ReelSurfer",https://angel.co/reelsurfer,y-combinator,""
75887,"Reesio",https://angel.co/reesio,500startups,"13197,198,16,10"
75920,"UpCounsel",https://angel.co/upcounsel,AngelPad,"1145,340,162,42"
76047,"Transcriptic",https://angel.co/transcriptic,500startups,"95,25,2"
76083,"Flightfox",https://angel.co/flightfox,y-combinator,"246,230,162,78"
76155,"Precog",https://angel.co/precog,techstars,"13197,1470,587,302"
76252,"Ubooly",https://angel.co/ubooly,techstars,"3065,490,481,14"
76269,"Mailgun",https://angel.co/mailgun,y-combinator,"9734,1132,632,302"
76533,"AnyPerk",https://angel.co/anyperk,y-combinator,"14095,1891,441,224"
76536,"MedWhat",https://angel.co/medwhat,startx,"182,175,13,1"
76705,"Klooff",https://angel.co/klooff,techstars,"675,269,6,3"
76997,"PayDragon",https://angel.co/paydragon,y-combinator,"11557,473,340,263"
77179,"ImpulseSave",https://angel.co/impulsesave,techstars,"1468,374,321,17"
77235,"Flomio",https://angel.co/flomio,techstars,"11940,2414,942,409"
77419,"Rise Robotics",https://angel.co/rise-robotics,techstars,"1107,91,48,7"
77492,"Piictu",https://angel.co/piictu-2,techstars,"1896,269,6,3"
77589,"Medigram",https://angel.co/medigram,y-combinator,"1258,408,338,175"
77762,"AnyVivo",https://angel.co/anyvivo,y-combinator,"675,29"
77770,"Couple",https://angel.co/couple,y-combinator,"761,277,6,3"
78224,"FamilyLeaf",https://angel.co/familyleaf,y-combinator,"1000,663,372,314"
78493,"Sketchfab",https://angel.co/sketchfab,techstars,"57277,15540,1183,1129"
78563,"Zapier",https://angel.co/zapier,y-combinator,"10494,1313,302,10"
78671,"Carsabi",https://angel.co/carsabi,y-combinator,"406,301,69"
78690,"Vacation Rental Partner",https://angel.co/vacation-rental-partner-2,techstars,"1161,1075,78,16"
78720,"ZenPayroll",https://angel.co/zenpayroll,y-combinator,"641,340,12,10"
78781,"Cloudsnap",https://angel.co/cloudsnap,techstars,"1313"
78782,"HireArt",https://angel.co/hireart,y-combinator,"9848,468,43"
78903,"Watchup",https://angel.co/watchup,startx,"201,33,3,1"
78959,"Appsembler",https://angel.co/appsembler,techstars,"11940,409,59,10"
79123,"Emergent One",https://angel.co/emergent-one,techstars,"10494,449,302"
79259,"iCracked  ",https://angel.co/icracked,y-combinator,"340,57,29,3"
79275,"Hipmob",https://angel.co/hipmob,y-combinator,"1132,83,10,3"
79297,"EveryArt",https://angel.co/everyart,y-combinator,""
79393,"TempoDB",https://angel.co/tempodb,techstars,"2462,252,198,52"
79556,"99dresses",https://angel.co/99dresses,y-combinator,"162,93"
79622,"Lendup",https://angel.co/lendup,y-combinator,"2795"
79624,"Swiftype",https://angel.co/swiftype,y-combinator,"94,87,29,3"
79741,"Thinkfuse",https://angel.co/thinkfuse,techstars,"11390,311,12,10"
79796,"Reclip.It",https://angel.co/reclip-it,500startups,"230,174,92,4"
79828,"TenderTree",https://angel.co/tendertree,500startups,"2909,162,134,13"
79849,"Credii",https://angel.co/credii,500startups,"410,162,50,42"
79961,"Screenleap",https://angel.co/screenleap,y-combinator,"311,12,10"
79981,"WireOver",https://angel.co/wireover,y-combinator,"628,471"
79995,"NBD Nanotechnologies",https://angel.co/nbd-nanotechnologies-1,techstars,"889,105,26"
80042,"Shoptouch",https://angel.co/shoptouch,500startups,"379,132,94,24"
80054,"Zillabyte",https://angel.co/zillabyte,y-combinator,"449,50,42,12"
80126,"PublikDemand",https://angel.co/publikdemand,500startups,"230,50,12,1"
80305,"Umba",https://angel.co/umba,500startups,"81663,230,29"
80314,"Bombfell",https://angel.co/bombfell,500startups,"93,29,1"
80321,"Tuckernuck",https://angel.co/tuckernuck,500startups,"419,230,93,29"
80503,"Rescale",https://angel.co/rescale,y-combinator,"10494,449,198,12"
80977,"Ingresse",https://angel.co/ingresse,500startups,"3165,607,604,556"
80986,"Tokyo Otaku Mode",https://angel.co/tokyo-otaku-mode,500startups,"229,41,29,6"
81354,"Bankons",https://angel.co/bankons,500startups,"2947,42,10"
81396,"Leaky",https://angel.co/leaky,y-combinator,"2484,383,198,80"
81433,"Monogram",https://angel.co/monogram,500startups,"360,277,93,29"
81471,"Manifold Studios",https://angel.co/manifold-studios,y-combinator,"490,100,14,3"
81494,"Traity",https://angel.co/traity-1,500startups,"1470,1221,1181,198"
81705,"Sonalight",https://angel.co/sonalight,y-combinator,"761,432,416,3"
81853,"MarketVibe",https://angel.co/marketvibe,techstars,"1259,956,51,10"
82190,"Social Tables",https://angel.co/social-tables,500startups,"16089,556,42,10"
82357,"wedgies",https://angel.co/wedgies,500startups,"450,414,269,241"
82552,"Submittable",https://angel.co/submittable,y-combinator,"311,87,12,4"
82610,"Morpheus Medical",https://angel.co/morpheus-medical,startx,"19,13"
82817,"SocialCrunch",https://angel.co/socialcrunch,techstars,"460,342,198,41"
83129,"SlidePay",https://angel.co/slidepay,y-combinator,"473,419,94,71"
83136,"Mattermark",https://angel.co/mattermark,y-combinator,"856,342,321,198"
83184,"Freight Farms",https://angel.co/freight-farms,techstars,"702,97,42,26"
83404,"Tray",https://angel.co/tray,AngelPad,"2009,97,52,1"
83651,"Osito",https://angel.co/osito,AngelPad,"11774,94,3"
83689,"Cubie",https://angel.co/cubie,500startups,"760,157,3"
83791,"Pogoseat",https://angel.co/pogoseat,AngelPad,"604,29,12,10"
84209,"Mobile Captain",https://angel.co/mobile-captain,AngelPad,"205,94,3"
84315,"PICT",https://angel.co/pict,AngelPad,"372,230,42,29"
84445,"Insynctive",https://angel.co/insynctive,startx,"641,38,12"
84663,"NudgePad",https://angel.co/nudgepad,y-combinator,"1132,409"
84745,"Red Rover",https://angel.co/red-rover,techstars,""
85108,"Lore",https://angel.co/lore-1,techstars,"43"
85122,"SmartAsset",https://angel.co/smartasset,y-combinator,"460,374,17"
85255,"Veebot",https://angel.co/veebot,startx,"30,19,13"
85372,"Audiodraft",https://angel.co/audiodraft,500startups,"246,96"
85483,"boomtrain",https://angel.co/boomtrain,AngelPad,"13197,11774,198,10"
85497,"Humanvest ",https://angel.co/humanvest,startx,"92,52,12,6"
85525,"JobSpice",https://angel.co/jobspice,y-combinator,""
85837,"Etherpad",https://angel.co/etherpad,y-combinator,""
85839,"Plangrid",https://angel.co/plangrid,y-combinator,"680,12,3"
86331,"Strohl Medical",https://angel.co/strohl-medical,techstars,"30,13"
87273,"Nitrous.IO",https://angel.co/nitrous-io,500startups,"11940,43,38,12"
87703,"Juntos Finanzas",https://angel.co/juntos-finanzas,startx,"634,374,208,3"
88077,"Streak",https://angel.co/streak,y-combinator,"1331,632,309,83"
88078,"KiteReaders",https://angel.co/kitereaders-1,500startups,"1884,1469,481,3"
88346,"Kidblog",https://angel.co/kidblog,500startups,"1469,481,314"
88378,"AdStage",https://angel.co/adstage,500startups,"339,138,34,4"
88695,"Knotch",https://angel.co/knotch,startx,"52,6"
88990,"Cinemacraft",https://angel.co/cinemacraft,500startups,"1898,1259,33,4"
89090,"Chec",https://angel.co/chec,AngelPad,"2947,94,71,29"
89862,"DigitalOcean",https://angel.co/digitalocean,techstars,"10494,38"
90089,"Ballers Bridge",https://angel.co/ballers-bridge-1,startx,"431,181,73"
90241,"Markerly",https://angel.co/markerly,500startups,"198,34,6"
90464,"Canary",https://angel.co/canary-4,techstars,"1567,376,311,3"
90720,"WeDidIt ",https://angel.co/wedidit,dreamit-ventures,"3010,324,94,10"
91049,"MyVR",https://angel.co/myvr,y-combinator,"1075,584,78,50"
91255,"Smallknot",https://angel.co/smallknot,techstars,"12991,10341,3010,321"
91665,"Nomiku",https://angel.co/nomiku,500startups,"12088,1445,286,72"
91921,"Seer",https://angel.co/seer,dreamit-ventures,"340,38,10"
91940,"HighFive",https://angel.co/highfive,techstars,"339,205,12,3"
91973,"Delight",https://angel.co/delight,y-combinator,"11826,2776,400,358"
94672,"Ube",https://angel.co/ube,techstars,"2462,286,10,3"
94814,"YEVVO",https://angel.co/yevvo,dreamit-ventures,"290,269,4,3"
94949,"Lookmark",https://angel.co/lookmark,500startups,"1556,269,201,6"
95009,"SkyGiraffe",https://angel.co/skygiraffe,500startups,"13332,376,12,3"
95146,"Caviar",https://angel.co/caviar,y-combinator,"631,529,323,72"
95163,"InstantCab",https://angel.co/instantcab,y-combinator,""
95288,"Teamalaya",https://angel.co/teamalaya,dreamit-ventures,"14095,1103,641,12"
96232,"Tred",https://angel.co/tred,techstars,"230,162,69,29"
96497,"Kinnek",https://angel.co/kinnek,AngelPad,"340,162,42,12"
97116,"Cucumbertown",https://angel.co/cucumbertown,500startups,"12088,814,6"
97349,"Addy",https://angel.co/addy,startx,"2992,57,3"
97716,"Import2",https://angel.co/import2,500startups,"2009,12,10"
98033,"Manicube",https://angel.co/manicube,500startups,""
98097,"Flinja",https://angel.co/flinja,techstars,"3076,2613,740,162"
98151,"Machine Zone",https://angel.co/machine-zone,y-combinator,""
98319,"wireLawyer",https://angel.co/wirelawyer,dreamit-ventures,"1181,1145,1000,50"
98861,"Glider",https://angel.co/glider-1,techstars,"309,97,12,10"
99018,"FullCourt",https://angel.co/fullcourt,500startups,"103,49,3"
99336,"Lawdingo",https://angel.co/lawdingo,y-combinator,"1181,1145,162,103"
99359,"Freak'n Genius",https://angel.co/freak-n-genius,techstars,"1262,956,269,3"
100100,"Balanced",https://angel.co/balanced,y-combinator,"3010,302,162,71"
101112,"Cubiez",https://angel.co/cubiez,dreamit-ventures,"1259,841,449,409"
101246,"VerbalizeIt",https://angel.co/verbalizeit,techstars,"1352"
101493,"Fancred",https://angel.co/fancred,techstars,"228,181,73,6"
101592,"Virool",https://angel.co/virool,y-combinator,"1325,339,205,34"
102051,"App.io",https://angel.co/app-io,500startups,"1132,836,408,51"
103032,"Elastic",https://angel.co/elastic,y-combinator,"309,83,51,10"
103572,"Tealet",https://angel.co/tealet,500startups,"83982,1445,162,72"
103843,"HighlightCam",https://angel.co/highlightcam,y-combinator,"3127,416,408,302"
104394,"License Buddy",https://angel.co/license-buddy,dreamit-ventures,"2805,162,43,12"
104422,"Modern Guild",https://angel.co/modern-guild-1,techstars,"2433,515,43"
104469,"Tradesy",https://angel.co/tradesy,500startups,"12991,134,93,29"
104489,"Dealflicks",https://angel.co/dealflicks,500startups,"2812,424,85,29"
105732,"Language Cloud",https://angel.co/language-cloud,500startups,"1469,449,111,43"
106017,"Arc",https://angel.co/arc-1,y-combinator,"286,91,33,7"
106355,"Storefront",https://angel.co/storefront,AngelPad,"9708,162,32,16"
106374,"Meldium",https://angel.co/meldium,y-combinator,"340"
106978,"Boxbee ",https://angel.co/boxbee,AngelPad,"1545,529,483,70"
107217,"BabyList",https://angel.co/babylist,500startups,"837,553,314,29"
107277,"Birdbox",https://angel.co/birdbox,techstars,"372,130"
107294,"Filepicker.io",https://angel.co/filepicker-io,y-combinator,""
108003,"Hiptype",https://angel.co/hiptype,y-combinator,"205,87,52,34"
108312,"FundersClub",https://angel.co/fundersclub,y-combinator,"374,363,162,17"
108348,"BitNami",https://angel.co/bitnami,y-combinator,"10494,449,38"
108524,"Partnered",https://angel.co/partnered,y-combinator,"11126,686,448,339"
108780,"Appfluence",https://angel.co/appfluence,startx,"1475,841,360,277"
109204,"hull",https://angel.co/hull,techstars,"3127,409,269,38"
109363,"NewsCastic",https://angel.co/newscastic,dreamit-ventures,"1556,246,201,162"
109557,"Coinbase",https://angel.co/coinbase,y-combinator,"93839,2777,473,71"
110951,"FarmLogs",https://angel.co/farmlogs,y-combinator,"702,198,10,3"
111423,"Meetings.io",https://angel.co/meetings-io,y-combinator,"894,311,291"
112248,"Peerby",https://angel.co/peerby,techstars,"13081,12991,162,134"
112523,"TRDATA",https://angel.co/trdata,500startups,"634,162,149,17"
112846,"Strikingly",https://angel.co/strikingly,y-combinator,"9540,332,136,3"
112849,"TasteSpace",https://angel.co/tastespace,500startups,"263,162,72,3"
113107,"Cargo Networks",https://angel.co/cargo-networks,dreamit-ventures,"435,32,29"
113221,"Voicegem",https://angel.co/voicegem,y-combinator,"901,157,6"
113386,"Tastemaker",https://angel.co/tastemaker,y-combinator,"10969,472,162,29"
114142,"Twitch",https://angel.co/twitch,y-combinator,"290,100"
114180,"Statwing",https://angel.co/statwing,y-combinator,"2800,2009,1470,52"
114426,"Clever",https://angel.co/clever,y-combinator,"1469,587,449,43"
114442,"MicroEval",https://angel.co/microeval,y-combinator,"641,42,12,10"
114450,"Airbrite",https://angel.co/airbrite,y-combinator,"3010,348,29,3"
115146,"Kamcord",https://angel.co/kamcord,y-combinator,"2743,1325,490,33"
115616,"NoRedink",https://angel.co/noredink,500startups,"1469,43"
116218,"Boletia",https://angel.co/boletia,500startups,"556,51,29,10"
116369,"Flyer",https://angel.co/flyer,500startups,"9708,16"
116466,"dakwak",https://angel.co/dakwak,500startups,"1352,1056,340,10"
117016,"neoDigital",https://angel.co/neodigital-1,500startups,"13197,205,52,34,10"
117187,"FlightCar",https://angel.co/flightcar,y-combinator,"2999,1161,584,134"
117264,"SpotHero",https://angel.co/spothero,500startups,""
117448,"Saverr Mobile",https://angel.co/saverr-mobile,techstars,"2484,1474,1432,3"
117469,"Double Robotics",https://angel.co/double-robotics,y-combinator,"286,262,91,7"
117512,"cisimple",https://angel.co/cisimple,AngelPad,"1132,10,3"
117515,"Conspire",https://angel.co/conspire,techstars,"1181,632,52,10"
118873,"Wufoo",https://angel.co/wufoo,y-combinator,"340,51,43,29"
119359,"Sqord",https://angel.co/sqord,techstars,"13764,2540,1103,269"
119844,"Estimote",https://angel.co/estimote,y-combinator,"1237,379,198,57"
120160,"PlayCanvas",https://angel.co/playcanvas,techstars,"409,100,41,4"
120382,"Hackpad",https://angel.co/hackpad,y-combinator,"11317,376,149,113"
120862,"Kalibrr",https://angel.co/kalibrr,y-combinator,"9848,468,43"
121591,"Winston Network Inc.",https://angel.co/winston-network-inc,dreamit-ventures,""
121593,"Makeably",https://angel.co/makeably,500startups,"348,305,162,29"
121839,"Given Goods Company",https://angel.co/given-goods-company-1,techstars,"230,94,93,29"
121846,"Charlie",https://angel.co/charlie-2,dreamit-ventures,"309,113,97,83"
122184,"iDreamBooks",https://angel.co/idreambooks,500startups,"498,410,29"
122262,"wideo",https://angel.co/wideo,500startups,"1325,34,33,4"
122276,"Nuzzel",https://angel.co/nuzzel,500startups,"1556,269,181,6"
122277,"Light Table",https://angel.co/light-table,y-combinator,"1132,841,409"
122313,"TriggerMail",https://angel.co/triggermail,techstars,"657,29,10"
122331,"Brideside",https://angel.co/brideside,dreamit-ventures,"379,230,94,4"
122444,"Webflow",https://angel.co/webflow,y-combinator,"9540,3127,332,10"
122512,"BabyJunk",https://angel.co/babyjunk,500startups,"553,481,419,320"
122643,"everbill",https://angel.co/everbill,500startups,"585,340,89,10"
122672,"Eversnap",https://angel.co/eversnap,500startups,"556,555,246,3"
122888,"Padlet",https://angel.co/padlet,y-combinator,"14224,43,29,10"
123324,"Tapshot, Makers of Videokits",https://angel.co/tapshot-makers-of-videokits,500startups,"314,33,6,3"
124164,"Nurep",https://angel.co/nurep,startx,"8956,175,30,3"
124303,"E&M Labs",https://angel.co/e-m-labs,startx,"9912,3065,1262"
124490,"Semantics3",https://angel.co/semantics3,y-combinator,"302,198,52,29"
124619,"TrendKite",https://angel.co/trendkite,dreamit-ventures,"13197,1470,242,52"
124892,"Uwisio",https://angel.co/uwisio,500startups,"263,73"
124939,"WalletKit",https://angel.co/walletkit,500startups,"631,604,443,224"
125045,"AdsNative",https://angel.co/adsnative,techstars,"686,339,205,34"
125280,"SupplyHog",https://angel.co/supplyhog,dreamit-ventures,"419,162,29"
125344,"TradeBriefs",https://angel.co/tradebriefs,500startups,"83587,8604,430,42"
125348,"Spottly",https://angel.co/spottly,500startups,"1913,1076,6,3"
126175,"SpotOn",https://angel.co/spoton-1,startx,"556,92,67,6"
126464,"AuManil",https://angel.co/aumanil,techstars,"1470,710,83,29"
126514,"Floqq",https://angel.co/floqq,500startups,"246,162,43,29"
126579,"Circle",https://angel.co/circle-3,y-combinator,"6"
127378,"Goldbely",https://angel.co/goldbely-2,y-combinator,"1445,230,162,29"
127406,"ConnectBright",https://angel.co/connectbright,alchemist-accelerator,"198,92,50,42"
127575,"Cuponomia",https://angel.co/cuponomia,500startups,"424,174,50,29"
127726,"femeninas",https://angel.co/femeninas,500startups,"553,435,230,93"
127729,"PriceBaba",https://angel.co/pricebaba,500startups,"2484,692,80"
127821,"UniPay",https://angel.co/unipay,500startups,"473,94,71,3"
127824,"Qual Canal",https://angel.co/qual-canal,500startups,"697,52,6"
127905,"Dash",https://angel.co/dash,techstars,"2540,198,69,3"
129175,"Toutpost",https://angel.co/toutpost,y-combinator,"410,269,230,29"
129930,"Selligy",https://angel.co/selligy,alchemist-accelerator,"83,51,10,3"
129941,"CrowdMed",https://angel.co/crowdmed,y-combinator,"841,246,13"
130174,"MyPermissions",https://angel.co/mypermissions,500startups,"14791,712,460,3"
130304,"Placemeter",https://angel.co/placemeter,techstars,"2462,379,198,149"
130560,"Glassmap",https://angel.co/glassmap,y-combinator,"205,94,3"
130937,"Careport Health",https://angel.co/careport-health,techstars,"9826,989,175,162"
131028,"Synata",https://angel.co/synata,alchemist-accelerator,"707,311,12"
131153,"Cloudadmin",https://angel.co/cloudadmin,500startups,"376,89,12,10"
131299,"EasyPost",https://angel.co/easypost,y-combinator,"2548,1132,302,12"
131716,"Instacart",https://angel.co/instacart,y-combinator,"456,228,29,3"
132065,"GreenGar",https://angel.co/greengar,500startups,"376,311,43,3"
132132,"YaSabe",https://angel.co/yasabe,500startups,""
132224,"Wymsee",https://angel.co/wymsee,techstars,"2395,1429,256,34"
132880,"Artivest",https://angel.co/artivest,500startups,"374,321,162,4"
133918,"Instart Logic",https://angel.co/instart-logic,startx,"10494"
133961,"Swish",https://angel.co/swish,y-combinator,"3010,286,29"
134201,"Leanplum",https://angel.co/leanplum,techstars,"2776,836,490,3"
134409,"BetterFit Technologies",https://angel.co/betterfit-technologies,techstars,"1258,198,175"
135064,"TackTile",https://angel.co/tacktile,500startups,"1469,162,4"
135869,"Periscope",https://angel.co/periscope,AngelPad,"198,52,42,10"
136219,"Neurala",https://angel.co/neurala,techstars,"841,609,200,91"
136404,"Amulyte",https://angel.co/amulyte,y-combinator,"2909,2462,175,30"
136933,"ServerPilot",https://angel.co/serverpilot,AngelPad,"11048,1132,306,10"
137045,"Fashion Project",https://angel.co/fashion-project,techstars,"12991,367,93,29"
137602,"ScaleGrid",https://angel.co/scalegrid,AngelPad,"10494,252,198,38"
137994,"POPAPP",https://angel.co/popapp,500startups,"1132,386,10,3"
138363,"Teespring",https://angel.co/teespring-1,y-combinator,"3010,93"
138507,"Strategic Blue - Cloud Options",https://angel.co/strategic-blue-cloud-options,techstars,"11939,2947,38,17"
138735,"Testlio",https://angel.co/testlio,techstars,"3041,1295,358,10"
139057,"TheShelf",https://angel.co/theshelf,AngelPad,"339,234,162,4"
139092,"mojio",https://angel.co/mojio,500startups,"449,198,69,3"
140117,"Kivo",https://angel.co/kivo,y-combinator,"11317,2429,376,311"
141016,"Audience.fm",https://angel.co/audience-fm-1,AngelPad,""
142230,"PivotDesk",https://angel.co/pivotdesk-1,techstars,"12991,134,16"
142882,"SensorTower",https://angel.co/sensortower,AngelPad,"2776,416,408,10"
142940,"Good.Co",https://angel.co/good-co,techstars,"1221,1181,468,52"
144006,"MexicoDestinos",https://angel.co/mexicodestinos,500startups,"355,78"
145187,"Reebee",https://angel.co/reebee,y-combinator,"376,94,34,3"
146025,"Boatbound",https://angel.co/boatbound,500startups,"12991,3149,162"
149282,"Eventava",https://angel.co/eventava,startx,"16089,556,12,10"
149285,"Kidaptive",https://angel.co/kidaptive,startx,""
149361,"SKIPO",https://angel.co/skipo,500startups,"2503,277,103,49"
149377,"Proxino",https://angel.co/proxino,y-combinator,""
149486,"Boxella",https://angel.co/boxella,techstars,"3092,1720,32,29"
149576,"RentMetrics",https://angel.co/rentmetrics,y-combinator,"10167,9708,16,12"
149591,"FlameStower",https://angel.co/flamestower,startx,"772,90,27,22"
150268,"tushky.com",https://angel.co/tushky-com,500startups,"8604,162"
150305,"WHILL",https://angel.co/whill,500startups,"631,69,13,7"
150765,"dashboard.io",https://angel.co/dashboard-io,500startups,"856,342,321,198"
150892,"Chatous",https://angel.co/chatous,startx,"1000,198,157,3"
152115,"Plated",https://angel.co/plated,techstars,"269,72,29"
152635,"HumanAPI",https://angel.co/humanapi,AngelPad,"1258,198,175,13"
153114,"Docmunch",https://angel.co/docmunch,startx,"2947,234,198,12"
153921,"inDinero",https://angel.co/indinero,y-combinator,"585,340,17"
154195,"Versus",https://angel.co/versus,500startups,""
155311,"Heap",https://angel.co/heap,y-combinator,"841,52"
155782,"Crowdery",https://angel.co/crowdery-1,y-combinator,"1470,368,92,29"
156064,"weeSpring",https://angel.co/weespring,techstars,"450,419,320,230"
156924,"Brandfolder",https://angel.co/brandfolder-1,techstars,"8962,2572,686,340,51,10"
157106,"SearchMan",https://angel.co/searchman,500startups,"205,138,76,10"
157687,"Keychain Logistics",https://angel.co/keychain-logistics,y-combinator,"162,3"
158596,"Tylr Mobile",https://angel.co/tylr-mobile,alchemist-accelerator,"632,376,370,83"
158725,"Shopular",https://angel.co/shopular,y-combinator,"692,419,3"
159247,"SendTask",https://angel.co/sendtask,alchemist-accelerator,"376,12"
159454,"Pistol Lake",https://angel.co/pistol-lake,techstars,"93,48,32,29"
159561,"GamePress",https://angel.co/gamepress,dreamit-ventures,"9912,490,409,3"
160382,"Feast",https://angel.co/feast,500startups,"12088,1103,72,43"
160521,"BrightFunnel ",https://angel.co/brightfunnel,alchemist-accelerator,"13197,51,12,10"
160775,"Linknovate",https://angel.co/linknovate,startx,"2498,581,67,22"
161453,"Stat",https://angel.co/stat-2,dreamit-ventures,"1258,418,175,13"
163009,"FastFig",https://angel.co/fastfig,dreamit-ventures,"376,311,43"
163519,"RealCrowd",https://angel.co/realcrowd,y-combinator,"9708,3010,17,16"
164277,"Kato",https://angel.co/kato,techstars,"760,376,311,12"
165758,"MyTime",https://angel.co/mytime,500startups,"1567,673,228,29"
165778,"Tamatem",https://angel.co/tamatem,500startups,"490,41,3"
166756,"ProductGram",https://angel.co/productgram,techstars,"1262,230,94,29"
167051,"Lob",https://angel.co/lob,y-combinator,"10494,302,12,10"
167413,"CompactCath",https://angel.co/compactcath,startx,""
167795,"Prediculous",https://angel.co/prediculous,techstars,"686,73,6,3"
168431,"SchoolAdmissions",https://angel.co/schooladmissions,500startups,"8604,1469,320,52"
168693,"InstaGIS ",https://angel.co/instagis,500startups,"13197,2992,51,10"
168993,"7 Cups of Tea",https://angel.co/7-cups-of-tea,y-combinator,"9826,1221"
169368,"First Opinion",https://angel.co/first-opinion,500startups,"1258,320,157,13"
169996,"Central Mayoreo",https://angel.co/central-mayoreo,500startups,"1122,29"
170659,"Wishbird Experiences",https://angel.co/wishbird-experiences,500startups,"16414,10483,1458"
170885,"captureproof",https://angel.co/captureproof,techstars,"1258,130,33,13"
172453,"Snapsheet",https://angel.co/snapsheet-1,500startups,"383,69,42,3"
172493,"Apptimize",https://angel.co/apptimize,y-combinator,"13197,2776,52,3"
172821,"Asseta ",https://angel.co/asseta-1,y-combinator,"419,198,162,12"
174290,"Sightly",https://angel.co/sightly,500startups,"1325,673,205,138"
174323,"GoodApril",https://angel.co/goodapril,techstars,"374,17"
175020,"Streem",https://angel.co/streem,y-combinator,"290,70,38,4"
175062,"SoundFocus",https://angel.co/soundfocus,y-combinator,"1258,286,96,47"
175330,"BloomThat",https://angel.co/bloomthat,y-combinator,"2891,162,29,3"
175447,"Sunrise",https://angel.co/sunrise,500startups,"376,3"
175496,"BOXC",https://angel.co/boxc,500startups,"1564,1545,29"
176085,"Grand Round Table",https://angel.co/grand-round-table,dreamit-ventures,"175,13"
176530,"Augur",https://angel.co/augur,techstars,"11774,2009,198,92"
177001,"Serviceful",https://angel.co/serviceful,dreamit-ventures,"10341,10,3"
177433,"Synack",https://angel.co/synack,techstars,"2554,628,246,10"
178766,"Clerky",https://angel.co/clerky-1,y-combinator,"1145"
181117,"Regresa Pronto ",https://angel.co/regresa-pronto,500startups,"710,379,224"
181525,"ZenKars",https://angel.co/zenkars,dreamit-ventures,"69,29"
182252,"Spire",https://angel.co/spire,startx,"1103,418,30"
182277,"Survata",https://angel.co/survata,y-combinator,"342"
182290,"Skit!",https://angel.co/skit,techstars,"1325,686,269,6"
183758,"Moni Technologies",https://angel.co/moni-technologies-1,techstars,""
184205,"Trippin' in",https://angel.co/trippin-in,dreamit-ventures,"9407,410,198,42"
184377,"ELIHUU",https://angel.co/elihuu,techstars,"1893,386,48"
184903,"Iterable",https://angel.co/iterable,AngelPad,"657,430,12,3"
185024,"Azuqua",https://angel.co/azuqua,techstars,"10494,449,12,10"
185256,"PinMyPet",https://angel.co/pinmypet,500startups,"675,175,7,3"
185339,"Filament Labs",https://angel.co/filament-labs,techstars,"1258,175"
186314,"Accountable",https://angel.co/accountable,techstars,"340,38,13,10"
186432,"Fosbury",https://angel.co/fosbury,techstars,"10483,443,224,32"
187017,"Chronon Systems",https://angel.co/chronon-systems,alchemist-accelerator,"12"
187172,"AirCare",https://angel.co/aircare,dreamit-ventures,"1258,175,13"
187546,"Binary Thumb",https://angel.co/binary-thumb,y-combinator,""
189481,"ProtoExchange",https://angel.co/protoexchange,techstars,"10494,2389,162,48"
189559,"Seratis",https://angel.co/seratis,dreamit-ventures,"1258,391,175,13"
190642,"MyCoffeeBox",https://angel.co/mycoffeebox,500startups,"2636,1891,1492,29"
190752,"Swapbox",https://angel.co/swapbox,y-combinator,"1564,1545,54,29"
191559,"ShopGo",https://angel.co/shopgo,500startups,"348,94,29"
191861,"Screenhero",https://angel.co/screenhero,y-combinator,"391,311,12,3"
192205,"Lollipuff",https://angel.co/lollipuff,y-combinator,"162,93,29"
192241,"Purple",https://angel.co/purple,alchemist-accelerator,"686,473,13,3"
192826,"Stratio",https://angel.co/stratio,alchemist-accelerator,"1258,1237,1056,3"
193505,"Shiftr",https://angel.co/shiftr,500startups,"194,32"
194524,"Graft Concepts",https://angel.co/graft-concepts,y-combinator,"671,31,29,3"
195195,"Dropifi",https://angel.co/dropifi,500startups,"340,83,50,10"
195722,"QuanTemplate",https://angel.co/quantemplate,techstars,"2947,585,383,321"
195754,"Memoir",https://angel.co/memoir,techstars,"3"
196042,"Shoe Lovers",https://angel.co/shoe-lovers,500startups,"82752,230,93,29"
196051,"AppArchitect",https://angel.co/apparchitect,dreamit-ventures,"3041,277,10,3"
196627,"Zaranga",https://angel.co/zaranga,y-combinator,"1161,1075"
198768,"Errplane",https://angel.co/errplane,y-combinator,"2009,1132,302,10"
198837,"sprout",https://angel.co/sprout-1,techstars,"1103,1056,418,107"
198969,"PillPack",https://angel.co/pillpack,techstars,"418,175,23,13"
198978,"coUrbanize",https://angel.co/courbanize,techstars,"9708,16,10"
199193,"PayTango",https://angel.co/paytango,y-combinator,"798,561,473,71"
200284,"Seat 14A",https://angel.co/seat-14a,500startups,"93,29"
200444,"Favoritoys",https://angel.co/favoritoys,500startups,"81663,3065,2735,671"
200720,"Seva Coffee",https://angel.co/seva-coffee,alchemist-accelerator,"1492,286,72"
201133,"View The Space",https://angel.co/view-the-space,500startups,"9708,1470,198,33"
203104,"Miner",https://angel.co/miner,dreamit-ventures,"205,94,57,3"
204827,"TrulyWireless",https://angel.co/trulywireless,AngelPad,"1606,370,49,10"
204855,"DroneDeploy",https://angel.co/dronedeploy,AngelPad,"102551,11940,162,10"
207748,"unda",https://angel.co/unda,500startups,"894,157"
207971,"Roominate",https://angel.co/roominate,startx,"9912,3065,481,31"
207988,"NativeAD",https://angel.co/nativead,500startups,"34,4"
209376,"Atlas",https://angel.co/atlas-1,techstars,"1056,418,107,73"
210519,"Shopeando",https://angel.co/shopeando,500startups,"29"
211872,"LinkerFriend",https://angel.co/linkerfriend,500startups,"339,229,34,6"
212713,"Beatdeck",https://angel.co/beatdeck,y-combinator,"198,52,47,6"
213107,"nextstep.io",https://angel.co/nextstep-io,techstars,"2540,1103"
219524,"GigaBryte (formerly TinkerTags)",https://angel.co/gigabryte-formerly-tinkertags,startx,"9912,1469,942,286"
221934,"ShopBevel",https://angel.co/shopbevel,startx,""
221975,"Heroic.ly",https://angel.co/heroic-ly,techstars,"1470,956,450,34"
223875,"Shopventory",https://angel.co/shopventory,techstars,"473,379,29"
223912,"Club Guaf",https://angel.co/club-guaf,500startups,"1103,675,31,29"
224452,"Ranku",https://angel.co/ranku-2,techstars,"515,51,43,34"
225535,"Synch",https://angel.co/synch-2,techstars,"1893,1122,48,3"
228456,"DataFox",https://angel.co/datafox,startx,""
230842,"TouchBase Technologies",https://angel.co/touchbase-technologies,dreamit-ventures,"2462,473,205,3"
232108,"StatusPage.io",https://angel.co/statuspage-io,y-combinator,"11940,11939,302,10"
236486,"Clinkle",https://angel.co/clinkle,startx,"2947,473,71,17"
241523,"True Link Financial",https://angel.co/true-link-financial,y-combinator,"2909,570,17"
242543,"SimplyInsured",https://angel.co/simplyinsured,y-combinator,"10783,9116,383,340"
243902,"CodeHS",https://angel.co/codehs,startx,""
244099,"Butter Systems",https://angel.co/butter-systems,y-combinator,"1492,263,132"
245489,"Skip",https://angel.co/skip-3,startx,"2800,489,379"
245814,"Amplitude",https://angel.co/amplitude-1,y-combinator,"2776,198,52,3"
248798,"SimpleLegal",https://angel.co/simplelegal,y-combinator,"1145,383,42,10"
249500,"Watchsend",https://angel.co/watchsend,y-combinator,"2776,1132,408,358"
250086,"Project Fixup",https://angel.co/project-fixup,techstars,"1067"
250677,"Hackermeter",https://angel.co/hackermeter,y-combinator,"468"
252764,"Standard Treasury",https://angel.co/standard-treasury,y-combinator,"2722,302,17"
253962,"One Month Rails",https://angel.co/one-month-rails-1,y-combinator,"1056,43"
254795,"GoComm",https://angel.co/gocomm,y-combinator,"680,556,12,3"
257250,"Constant Insight",https://angel.co/constant-insight,dreamit-ventures,"97,52,51,10"
257975,"ixi-play by WittyWorX",https://angel.co/ixi-play-by-wittyworx,y-combinator,"721,481,91,43"
258348,"Casetext",https://angel.co/casetext,y-combinator,"1145,246"
258816,"SoniTrack Systems",https://angel.co/sonitrack-systems,startx,"91,30"
261880,"MXD3D",https://angel.co/mxd3d,alchemist-accelerator,"57277,2389,1129,14"
262984,"panOpen",https://angel.co/panopen,techstars,"43"
267654,"Chalk Schools",https://angel.co/chalk-schools-1,startx,"11317,1469,43"
